from_stop_id,to_stop_id,transfer_type,min_transfer_time,from_trip_id,to_trip_id
1,613,0,240,,
1,639,2,300,,
10017,10017,0,240,,
10017,10018,2,300,,
10017,8683,0,240,,
10017,8697,2,300,,
10017,8749,0,240,,
10017,8758,0,240,,
10018,10017,2,300,,
10018,8683,0,240,,
10018,8697,2,300,,
10021,8659,2,360,,
10021,8679,2,360,,
10021,8680,0,240,,
10023,10023,0,240,,
10023,11450,0,240,,
10023,2590,0,240,,
10034,10034,0,240,,
10034,10971,2,300,,
10034,10972,0,240,,
10034,8747,0,240,,
10034,8756,0,240,,
10034,9952,0,240,,
10063,10063,0,240,,
10067,10067,0,240,,
10067,10068,0,240,,
10067,10440,2,420,,
10068,10067,2,300,,
10068,10068,0,240,,
10068,10440,2,480,,
10068,3608,2,420,,
10092,1865,2,300,,
10092,1886,2,300,,
1013,10424,0,240,,
1013,10694,2,600,,
1013,98,2,540,,
10130,10130,0,240,,
10132,3198,0,240,,
10132,3784,2,300,,
10132,3975,2,300,,
10141,10141,0,240,,
10141,3900,0,240,,
10141,9174,0,240,,
10144,11613,2,360,,
10144,9848,2,360,,
10145,10145,0,240,,
10145,9283,0,240,,
10148,12478,2,300,,
10148,9524,0,240,,
10148,9547,0,240,,
1016,1016,0,240,,
1016,11523,2,300,,
1016,11525,2,360,,
1016,11535,2,120,,
1016,11706,0,240,,
1016,12535,2,120,,
1016,4495,2,300,,
1016,77,2,600,,
1016,78,2,480,,
1016,8041,2,360,,
1016,9129,2,180,,
1016,95,2,480,,
1016,985,0,240,,
1018,1018,0,240,,
1018,869,0,240,,
1018,9551,0,240,,
10188,10188,0,240,,
10189,10189,0,240,,
10189,6039,0,240,,
10196,10374,2,300,,
10196,1300,2,480,,
10196,1362,2,480,,
10198,10198,0,240,,
10199,6475,0,240,,
10199,9306,0,240,,
10202,8050,0,240,,
10202,8067,0,240,,
10235,10233,0,240,,
10235,2708,0,240,,
10247,10247,0,240,,
10251,10251,0,240,,
10251,10260,0,240,,
10251,10692,2,300,,
10258,10253,2,300,,
10258,10258,0,240,,
10258,10628,2,300,,
1027,1971,2,300,,
1027,2062,0,240,,
10294,10893,0,240,,
10295,10295,0,240,,
10295,10315,2,120,,
10295,7835,0,240,,
10295,7890,0,240,,
10299,7666,2,420,,
10299,7719,2,420,,
10300,12638,2,300,,
10305,10300,0,240,,
10305,10305,0,240,,
10305,7785,0,240,,
10308,12638,2,300,,
1031,12631,2,300,,
1031,292,2,180,,
10310,7666,0,240,,
10310,7719,2,420,,
10316,10893,2,360,,
10316,12636,2,420,,
10316,12639,2,360,,
10328,4756,2,300,,
10329,2725,0,240,,
10331,10231,2,300,,
10331,2021,2,300,,
10335,10349,0,240,,
10336,10336,0,240,,
10336,10339,0,240,,
10339,10336,0,240,,
10342,10333,2,300,,
10342,2632,2,360,,
10349,10335,2,360,,
10349,10349,0,240,,
10352,10814,0,240,,
10352,179,0,240,,
10360,11221,2,420,,
10360,11227,2,420,,
10360,11258,0,240,,
10360,11276,2,300,,
10360,11277,2,300,,
10375,10926,0,240,,
10375,1300,2,480,,
10375,1362,2,480,,
1039,1514,0,240,,
1039,1596,0,240,,
10399,10399,2,120,,
10399,11526,2,300,,
10399,11706,2,360,,
10399,12036,2,120,,
10399,4495,2,420,,
10399,4881,2,120,,
10399,4882,2,300,,
10399,96,2,300,,
10400,10399,2,60,,
10400,13126,0,240,,
10413,8922,2,300,,
1042,11013,0,240,,
1042,11023,0,240,,
10427,6236,0,240,,
10428,10428,0,240,,
10428,7489,2,240,,
10429,10429,2,120,,
10429,2477,0,240,,
10429,2630,0,240,,
10429,2692,2,120,,
10429,2799,2,120,,
10429,3023,0,240,,
10429,8051,0,240,,
10429,8066,0,240,,
10437,6175,0,240,,
10437,6194,0,240,,
10467,12026,2,360,,
10468,11274,2,420,,
10468,11275,2,420,,
10468,11310,2,420,,
10468,11311,2,300,,
10470,21,2,360,,
10470,8289,0,240,,
10470,91,2,360,,
10478,182,2,300,,
10478,234,2,300,,
10492,8042,2,360,,
10492,8075,2,360,,
10513,12026,2,360,,
10513,415,2,360,,
1054,902,2,300,,
1054,915,2,300,,
1055,902,0,240,,
1055,915,0,240,,
10553,35,2,300,,
10553,8019,2,480,,
10553,8035,2,480,,
10554,7357,2,300,,
10554,8975,2,360,,
10564,8575,0,240,,
10567,3719,2,480,,
10568,3723,2,480,,
10569,3723,2,480,,
10591,10591,2,180,,
10591,11534,2,300,,
10591,11554,2,420,,
10591,2737,2,420,,
10591,36,2,480,,
10591,80,2,360,,
10591,8042,2,360,,
10591,8075,2,360,,
10592,11407,0,240,,
1061,1544,0,240,,
1061,1570,0,240,,
10619,10619,0,240,,
10619,782,0,240,,
10620,782,2,300,,
10642,10642,0,240,,
10643,10673,0,240,,
10643,11593,0,240,,
10644,10673,2,300,,
10644,11593,0,240,,
10647,12424,2,120,,
10648,10647,2,300,,
10648,10648,0,240,,
10648,12424,2,300,,
1065,1065,0,240,,
1065,12393,0,240,,
1065,1615,0,240,,
1065,1832,0,240,,
1065,8046,0,240,,
1065,8071,0,240,,
10673,10643,2,300,,
10673,10644,0,240,,
10673,11593,2,360,,
10690,12380,2,360,,
1070,1071,0,240,,
1070,1156,0,240,,
10701,10189,2,360,,
1071,1070,0,240,,
1071,1071,0,240,,
1071,1156,0,240,,
10736,10703,2,300,,
10736,12104,2,360,,
10744,10744,4,0,15498470,15498499
10744,10744,4,0,15498471,15498500
10744,10744,4,0,15498472,15498502
10744,10744,4,0,15498474,15498504
10744,10744,4,0,15498477,15498506
10744,10744,4,0,15498479,15498508
10744,10744,4,0,15498480,15498510
10744,10744,4,0,15498482,15498512
10744,10744,4,0,15498484,15498494
10744,10744,4,0,15498487,15498496
10744,10744,4,0,15498489,15498498
10744,10744,4,0,15498492,15498515
10744,10744,4,0,15498516,15498547
10744,10744,4,0,15498518,15498549
10744,10744,4,0,15498520,15498551
10744,10744,4,0,15498522,15498553
10744,10744,4,0,15498523,15498555
10744,10744,4,0,15498525,15498557
10744,10744,4,0,15498527,15498539
10744,10744,4,0,15498529,15498537
10744,10744,4,0,15498531,15498542
10744,10744,4,0,15498533,15498544
10744,10744,4,0,15498535,15498546
10744,10744,4,0,15498558,15498572
10744,10744,4,0,15498559,15498573
10744,10744,4,0,15498560,15498574
10744,10744,4,0,15498561,15498575
10744,10744,4,0,15498562,15498576
10744,10744,4,0,15498563,15498577
10744,10744,4,0,15498564,15498578
10744,10744,4,0,15498565,15498579
10744,10744,4,0,15498566,15498580
10744,10744,4,0,15498567,15498581
10744,10744,4,0,15498568,15498582
10744,10744,4,0,15498569,15498583
10744,10744,4,0,15498570,15498584
10744,10744,4,0,15498571,15498585
10745,11284,2,300,,
10745,11285,2,300,,
10745,11349,0,240,,
10745,994,0,240,,
1075,1076,0,240,,
10753,4005,2,360,,
10755,1493,2,360,,
1076,1828,0,240,,
1076,1833,0,240,,
10764,10819,0,240,,
10764,10823,0,240,,
1079,1254,0,240,,
1079,659,0,240,,
10799,10799,0,240,,
10799,11280,2,300,,
10799,11281,2,300,,
10799,1525,0,240,,
10799,1586,0,240,,
108,591,0,240,,
10811,10811,4,0,15723770,15723785
10811,10811,4,0,15723771,15723786
10811,10811,4,0,15723772,15723787
10811,10811,4,0,15723773,15723788
10811,10811,4,0,15723774,15723789
10811,10811,4,0,15723775,15723790
10811,10811,4,0,15723776,15723791
10811,10811,4,0,15723777,15723792
10811,10811,4,0,15723778,15723793
10811,10811,4,0,15723779,15723794
10811,10811,4,0,15723780,15723795
10811,10811,4,0,15723781,15723796
10811,10811,4,0,15723782,15723797
10811,10811,4,0,15723783,15723798
10811,10811,4,0,15723784,15723799
10811,10811,4,0,15724054,15724066
10811,10811,4,0,15724055,15724067
10811,10811,4,0,15724056,15724068
10811,10811,4,0,15724057,15724069
10811,10811,4,0,15724058,15724070
10811,10811,4,0,15724059,15724071
10811,10811,4,0,15724060,15724072
10811,10811,4,0,15724061,15724073
10811,10811,4,0,15724062,15724074
10811,10811,4,0,15724063,15724075
10811,10811,4,0,15724064,15724076
10811,10811,4,0,15724065,15724077
10811,10811,4,0,15725293,15725310
10811,10811,4,0,15725294,15725311
10811,10811,4,0,15725295,15725312
10811,10811,4,0,15725296,15725313
10811,10811,4,0,15725297,15725314
10811,10811,4,0,15725298,15725315
10811,10811,4,0,15725299,15725316
10811,10811,4,0,15725300,15725317
10811,10811,4,0,15725301,15725318
10811,10811,4,0,15725302,15725319
10811,10811,4,0,15725303,15725320
10811,10811,4,0,15725304,15725321
10811,10811,4,0,15725305,15725322
10811,10811,4,0,15725306,15725323
10811,10811,4,0,15725307,15725324
10811,10811,4,0,15725308,15725325
10811,10811,4,0,15725309,15725326
10812,1988,0,240,,
10812,2047,2,300,,
10814,10352,0,240,,
10814,12818,2,300,,
10819,10764,0,240,,
10819,12054,0,240,,
10819,4722,0,240,,
10819,4750,0,240,,
10823,10764,0,240,,
10823,12054,0,240,,
10823,4722,0,240,,
10823,4750,0,240,,
10827,10827,0,240,,
10827,4371,2,300,,
10833,10833,0,240,,
10855,10854,2,360,,
10855,2386,2,480,,
10855,2399,2,480,,
10856,10856,0,240,,
10856,11757,2,300,,
1086,1544,0,240,,
1086,1570,0,240,,
10860,11940,0,240,,
10860,11941,0,240,,
10860,11942,0,240,,
10860,11943,0,240,,
10860,12020,0,240,,
10860,12022,0,240,,
10860,12230,0,240,,
10860,12231,0,240,,
10860,12332,0,240,,
10860,8020,2,120,,
10860,8033,2,120,,
10865,10866,0,240,,
10865,10867,0,240,,
10865,12693,0,240,,
10865,4242,0,240,,
10865,4471,0,240,,
10865,4568,0,240,,
10865,8037,0,240,,
10865,989,0,240,,
10866,10865,0,240,,
10866,10866,2,120,,
10866,10867,0,240,,
10866,12693,0,240,,
10866,4242,2,120,,
10866,4459,0,240,,
10866,4471,0,240,,
10866,4568,2,120,,
10866,8037,0,240,,
10866,989,2,120,,
10867,8037,2,120,,
10874,7117,2,300,,
10879,10879,0,240,,
10879,10882,0,240,,
10879,4018,2,300,,
10879,4228,2,300,,
10880,10880,0,240,,
10880,10881,0,240,,
10880,11764,2,360,,
10880,11882,0,240,,
10880,5045,0,240,,
10880,5122,0,240,,
10880,5262,0,240,,
10880,5494,0,240,,
10880,5667,0,240,,
10880,5668,0,240,,
10880,5768,0,240,,
10880,5769,0,240,,
10880,5793,0,240,,
10880,5891,0,240,,
10880,6467,0,240,,
10880,8057,0,240,,
10880,8060,0,240,,
10881,10880,0,240,,
10881,11882,0,240,,
10881,5045,0,240,,
10881,5122,0,240,,
10881,5262,0,240,,
10881,5494,0,240,,
10881,5667,0,240,,
10881,5768,2,300,,
10881,5769,2,300,,
10881,5793,0,240,,
10881,5891,2,300,,
10882,10879,0,240,,
10882,10882,0,240,,
10882,4018,2,300,,
10884,10884,0,240,,
10884,5844,0,240,,
10884,8056,2,300,,
10884,8061,2,300,,
10885,10885,0,240,,
10885,10886,0,240,,
10885,10887,0,240,,
10885,10888,0,240,,
10885,10889,0,240,,
10885,10890,0,240,,
10885,10891,0,240,,
10885,10892,0,240,,
10885,12655,0,240,,
10885,12793,0,240,,
10886,10885,0,240,,
10886,10887,0,240,,
10886,10888,0,240,,
10886,10889,0,240,,
10886,10890,0,240,,
10886,10892,0,240,,
10886,12655,0,240,,
10886,12793,0,240,,
10887,10886,0,240,,
10887,10888,0,240,,
10887,10889,0,240,,
10887,10890,0,240,,
10887,10892,0,240,,
10887,12655,0,240,,
10887,12793,0,240,,
10888,10885,0,240,,
10888,10886,0,240,,
10888,10887,0,240,,
10888,10888,0,240,,
10888,10889,0,240,,
10888,10890,0,240,,
10888,10891,0,240,,
10888,10892,0,240,,
10888,12655,0,240,,
10888,12793,0,240,,
10890,10885,0,240,,
10890,10888,0,240,,
10890,10889,0,240,,
10890,12655,0,240,,
10890,12793,0,240,,
10891,10885,0,240,,
10891,10886,0,240,,
10891,10887,0,240,,
10891,10888,0,240,,
10891,10889,0,240,,
10891,10890,0,240,,
10891,10891,0,240,,
10891,10892,0,240,,
10891,12655,0,240,,
10891,12793,0,240,,
10892,10885,0,240,,
10892,10886,0,240,,
10892,10887,0,240,,
10892,10888,0,240,,
10892,10889,0,240,,
10892,10890,0,240,,
10892,10892,0,240,,
10892,12655,0,240,,
10893,10316,2,300,,
10893,12673,2,300,,
10893,7828,0,240,,
10895,779,2,480,,
1091,8753,2,300,,
1091,8762,2,300,,
10914,10914,0,240,,
10914,5148,0,240,,
10914,5252,0,240,,
10914,5890,0,240,,
10914,7639,0,240,,
10916,11664,2,480,,
10916,5180,0,240,,
10916,5183,2,360,,
10916,6060,2,360,,
10916,9720,2,480,,
1092,902,0,240,,
1092,915,0,240,,
10921,1685,2,300,,
10921,1736,2,300,,
10929,2203,0,240,,
10929,2252,0,240,,
10929,2397,0,240,,
10929,3535,0,240,,
10929,5989,0,240,,
10929,6984,0,240,,
10929,8052,0,240,,
10929,8065,0,240,,
10931,11858,0,240,,
10931,11860,0,240,,
10931,11861,0,240,,
10931,12949,0,240,,
10931,5464,0,240,,
10931,5509,0,240,,
10931,5593,0,240,,
10931,5633,0,240,,
10931,5700,0,240,,
10931,5743,0,240,,
10931,6000,0,240,,
10931,6077,0,240,,
10947,10947,0,240,,
10947,4461,0,240,,
10948,10914,0,240,,
10948,5148,0,240,,
10948,5252,0,240,,
10948,5890,0,240,,
10948,7639,0,240,,
10948,8055,0,240,,
10948,8062,0,240,,
10959,10961,2,300,,
10959,11759,2,420,,
10959,1896,2,420,,
10960,10958,2,420,,
10960,10961,2,360,,
10961,10958,2,300,,
10961,11759,2,360,,
10961,1896,2,420,,
10966,13003,2,360,,
10966,549,0,240,,
10967,13003,2,360,,
10967,549,2,360,,
10968,313,2,360,,
10968,365,0,240,,
10968,366,0,240,,
10969,313,2,360,,
10969,365,0,240,,
10971,10972,0,240,,
10971,8747,0,240,,
10971,8756,0,240,,
10971,9952,0,240,,
10972,10034,2,300,,
10972,10971,0,240,,
10972,10972,0,240,,
10972,8747,0,240,,
10972,8756,0,240,,
10972,9952,0,240,,
11,11427,2,300,,
11,11542,0,240,,
110,11113,0,240,,
110,322,0,240,,
110,569,0,240,,
11007,1312,0,240,,
11007,1350,0,240,,
11009,663,0,240,,
11009,706,0,240,,
11010,793,0,240,,
11010,842,0,240,,
11011,1312,0,240,,
11011,1350,0,240,,
11013,1042,0,240,,
11013,1105,0,240,,
11014,337,0,240,,
11014,463,2,300,,
11015,663,0,240,,
11015,706,0,240,,
11016,113,0,240,,
11016,56,0,240,,
11020,165,0,240,,
11020,251,0,240,,
11021,337,2,300,,
11021,463,2,300,,
11022,793,0,240,,
11022,842,0,240,,
11023,1042,0,240,,
11023,1105,0,240,,
11029,11029,0,240,,
11032,11032,0,240,,
11032,11998,0,240,,
1105,11013,2,300,,
1105,11023,0,240,,
11074,5456,0,240,,
11074,5516,0,240,,
11075,6051,0,240,,
11075,9023,0,240,,
11076,6051,0,240,,
11076,9022,0,240,,
11077,5474,2,360,,
11077,5498,2,360,,
11078,5474,2,360,,
11078,5498,2,360,,
1108,1514,0,240,,
1108,1596,0,240,,
11087,11088,0,240,,
11087,11227,2,360,,
11087,11278,2,300,,
11087,11279,2,360,,
11087,12548,2,300,,
11088,11087,0,240,,
11088,11227,2,360,,
11088,11278,2,300,,
11088,11279,2,300,,
11088,12548,2,300,,
11095,8752,2,300,,
11095,8761,2,300,,
11095,906,0,240,,
11095,911,0,240,,
11113,110,0,240,,
11113,569,2,300,,
11113,59,2,300,,
11113,60,0,240,,
11114,7645,2,540,,
11122,5561,0,240,,
11122,5623,0,240,,
11123,6019,2,300,,
11123,6073,0,240,,
11124,6019,2,300,,
11124,6073,0,240,,
11126,12196,2,300,,
11126,9291,0,240,,
11126,9293,2,360,,
11127,5025,2,300,,
11127,5067,0,240,,
11128,5138,0,240,,
11128,8542,0,240,,
11129,5138,0,240,,
11129,8542,0,240,,
11130,5025,2,300,,
11130,5067,0,240,,
11131,5651,0,240,,
11131,5683,0,240,,
11132,5651,0,240,,
11132,5683,0,240,,
11133,5715,0,240,,
11133,5729,0,240,,
11134,5715,0,240,,
11134,5729,0,240,,
11135,5756,0,240,,
11135,5781,0,240,,
11137,5918,0,240,,
11137,5961,0,240,,
1116,12631,2,300,,
1116,292,2,300,,
11196,11199,0,240,,
11199,11196,0,240,,
1120,1971,0,240,,
1120,2062,2,300,,
11200,1769,2,300,,
11204,13054,0,240,,
11204,2264,0,240,,
11208,6486,0,240,,
11208,6566,0,240,,
11208,6802,0,240,,
11216,11695,0,240,,
11216,9087,0,240,,
11221,10360,2,360,,
11221,11087,2,420,,
11221,11088,2,300,,
11221,11221,0,240,,
11221,11227,0,240,,
11221,11260,2,420,,
11221,12764,2,360,,
11227,10360,2,360,,
11227,11260,2,420,,
11243,11243,0,240,,
11243,11247,2,300,,
11243,11295,2,300,,
11243,11707,2,300,,
11243,12716,2,300,,
11243,6753,0,240,,
11247,11243,2,300,,
11247,11247,0,240,,
11247,11295,2,360,,
11247,11707,2,300,,
11247,12716,2,360,,
11247,6753,0,240,,
11248,11246,0,240,,
11248,11253,0,240,,
11248,11266,0,240,,
11248,11267,0,240,,
11248,11269,0,240,,
11248,11289,0,240,,
11248,11763,0,240,,
11248,11788,0,240,,
11251,11251,0,240,,
11251,11286,0,240,,
11251,11287,0,240,,
11252,11251,0,240,,
11252,11252,0,240,,
11252,11286,0,240,,
11252,11287,0,240,,
11254,11398,2,300,,
11254,6754,0,240,,
11255,11255,4,0,15494506,15494482
11255,11255,4,0,15494507,15494483
11255,11255,4,0,15494508,15494484
11255,11255,4,0,15494509,15494485
11255,11255,4,0,15494510,15494486
11255,11255,4,0,15494511,15494487
11255,11255,4,0,15494512,15494488
11255,11255,4,0,15494513,15494489
11255,11255,4,0,15494514,15494490
11255,11255,4,0,15494515,15494491
11255,11255,4,0,15494516,15494492
11255,11255,4,0,15494517,15494493
11255,11255,4,0,15494518,15494494
11255,11255,4,0,15494519,15494495
11255,11255,4,0,15494520,15494496
11255,11255,4,0,15494521,15494497
11255,11255,4,0,15494522,15494498
11255,11255,4,0,15494523,15494499
11255,11255,4,0,15494524,15494500
11255,11255,4,0,15494525,15494501
11255,11255,4,0,15494526,15494502
11255,11255,4,0,15494527,15494503
11255,11255,4,0,15494528,15494504
11255,11255,4,0,15494529,15494505
11255,11255,4,0,15494550,15494539
11255,11255,4,0,15494551,15494542
11255,11255,4,0,15494552,15494540
11255,11255,4,0,15494553,15494541
11255,11255,4,0,15494554,15494543
11255,11255,4,0,15494555,15494544
11255,11255,4,0,15494556,15494545
11255,11255,4,0,15494557,15494546
11255,11255,4,0,15494558,15494547
11255,11255,4,0,15494559,15494548
11255,11255,4,0,15494560,15494549
11255,11255,4,0,15494561,15494530
11255,11255,4,0,15494562,15494531
11255,11255,4,0,15494563,15494532
11255,11255,4,0,15494564,15494533
11255,11255,4,0,15494565,15494534
11255,11255,4,0,15494566,15494535
11255,11255,4,0,15494567,15494536
11255,11255,4,0,15494568,15494537
11255,11255,4,0,15494569,15494538
11256,11246,0,240,,
11256,11248,0,240,,
11256,11253,0,240,,
11256,11266,0,240,,
11256,11267,0,240,,
11256,11269,0,240,,
11256,11288,0,240,,
11256,11289,0,240,,
11256,11763,0,240,,
11256,11788,0,240,,
11258,10360,0,240,,
11258,11258,4,0,15459830,15451230
11258,11258,4,0,15459831,15451231
11258,11258,4,0,15459832,15451232
11258,11258,4,0,15459833,15451233
11258,11258,4,0,15459834,15451234
11258,11258,4,0,15459835,15451236
11258,11258,4,0,15459836,15451237
11258,11258,4,0,15459837,15451238
11258,11258,4,0,15459838,15451239
11258,11258,4,0,15459839,15451240
11258,11258,4,0,15459840,15451241
11258,11258,4,0,15459841,15451242
11258,11258,4,0,15459842,15451173
11258,11258,4,0,15459843,15451174
11258,11258,4,0,15459844,15451175
11258,11258,4,0,15459845,15451176
11258,11258,4,0,15459846,15451177
11258,11258,4,0,15459847,15451178
11258,11258,4,0,15459848,15451196
11258,11258,4,0,15459849,15451197
11258,11258,4,0,15459850,15451198
11258,11258,4,0,15459851,15451199
11258,11258,4,0,15459852,15451200
11258,11258,4,0,15459853,15451201
11258,11258,4,0,15459854,15451202
11258,11258,4,0,15459855,15451172
11258,11258,4,0,15459856,15451203
11258,11258,4,0,15459857,15451204
11258,11258,4,0,15459858,15451205
11258,11258,4,0,15459859,15451206
11258,11258,4,0,15459860,15451207
11258,11258,4,0,15459861,15451208
11258,11258,4,0,15459862,15451209
11258,11258,4,0,15459863,15451210
11258,11258,4,0,15459864,15451211
11258,11258,4,0,15459865,15451212
11258,11258,4,0,15459866,15451213
11258,11258,4,0,15459867,15451214
11258,11258,4,0,15459868,15451215
11258,11258,4,0,15459869,15451216
11258,11258,4,0,15459870,15451217
11258,11258,4,0,15459871,15451219
11258,11258,4,0,15459872,15451180
11258,11258,4,0,15459873,15451181
11258,11258,4,0,15459874,15451182
11258,11258,4,0,15459875,15451183
11258,11258,4,0,15459876,15451184
11258,11258,4,0,15459877,15451235
11258,11258,4,0,15459878,15451185
11258,11258,4,0,15459879,15451186
11258,11258,4,0,15459880,15451187
11258,11258,4,0,15459881,15451188
11258,11258,4,0,15459882,15451189
11258,11258,4,0,15459883,15451190
11258,11258,4,0,15459884,15451191
11258,11258,4,0,15459885,15451192
11258,11258,4,0,15459886,15451193
11258,11258,4,0,15459887,15451194
11258,11258,4,0,15459888,15451195
11258,11258,4,0,15459889,15451220
11258,11258,4,0,15459890,15451221
11258,11258,4,0,15459891,15451222
11258,11258,4,0,15459892,15451218
11258,11258,4,0,15459893,15451179
11258,11258,4,0,15459894,15451179
11258,11258,4,0,15459895,15451223
11258,11258,4,0,15459896,15451224
11258,11258,4,0,15459897,15451225
11258,11258,4,0,15459898,15451228
11258,11258,4,0,15459899,15451218
11258,11258,4,0,15459900,15451226
11258,11258,4,0,15459901,15451194
11258,11258,4,0,15459902,15451195
11258,11258,4,0,15459903,15451220
11258,11258,4,0,15459904,15451221
11258,11258,4,0,15459905,15451222
11258,11258,4,0,15459906,15451223
11258,11258,4,0,15459907,15451224
11258,11258,4,0,15459908,15451225
11258,11258,4,0,15459909,15451228
11258,11258,4,0,15459910,15451226
11258,11258,4,0,15459911,15451227
11258,11258,4,0,15459912,15451227
11258,11258,4,0,15459913,15451229
11258,11258,4,0,15518169,15518020
11258,11258,4,0,15518170,15518021
11258,11258,4,0,15518171,15518022
11258,11258,4,0,15518172,15518023
11258,11258,4,0,15518173,15518024
11258,11258,4,0,15518174,15518025
11258,11258,4,0,15518175,15518026
11258,11258,4,0,15518176,15518027
11258,11258,4,0,15518177,15518028
11258,11258,4,0,15518178,15518029
11258,11258,4,0,15518179,15518030
11258,11258,4,0,15518180,15518031
11258,11258,4,0,15518181,15518032
11258,11258,4,0,15518182,15518033
11258,11258,4,0,15518183,15518034
11258,11258,4,0,15518184,15518035
11258,11258,4,0,15518185,15518036
11258,11258,4,0,15518186,15518037
11258,11258,4,0,15518187,15518038
11258,11258,4,0,15518188,15518039
11258,11258,4,0,15518189,15518040
11258,11258,4,0,15518190,15518041
11258,11258,4,0,15518191,15518042
11258,11258,4,0,15518192,15518043
11258,11258,4,0,15518193,15518044
11258,11258,4,0,15518194,15518045
11258,11258,4,0,15518195,15518046
11258,11258,4,0,15518196,15518047
11258,11258,4,0,15518197,15518048
11258,11258,4,0,15518198,15518049
11258,11258,4,0,15518199,15518050
11258,11258,4,0,15518200,15518051
11258,11258,4,0,15518201,15518052
11258,11258,4,0,15518202,15518053
11258,11258,4,0,15518203,15518054
11258,11258,4,0,15518204,15518055
11258,11258,4,0,15518205,15518056
11258,11258,4,0,15518206,15518057
11258,11258,4,0,15518207,15518058
11258,11258,4,0,15518208,15518059
11258,11258,4,0,15518209,15518060
11258,11258,4,0,15518210,15518061
11258,11258,4,0,15518211,15518062
11258,11258,4,0,15518212,15518063
11258,11258,4,0,15518213,15518064
11258,11258,4,0,15518214,15518065
11258,11258,4,0,15518215,15518066
11258,11258,4,0,15518216,15518067
11258,11258,4,0,15518217,15518068
11258,11258,4,0,15518218,15518069
11258,11258,4,0,15518219,15518070
11258,11258,4,0,15518220,15518071
11258,11258,4,0,15518221,15518072
11258,11258,4,0,15518222,15518073
11258,11258,4,0,15518223,15518074
11258,11258,4,0,15518224,15518075
11258,11258,4,0,15518225,15518076
11258,11258,4,0,15518226,15518077
11258,11258,4,0,15518227,15518078
11258,11258,4,0,15518228,15518079
11258,11258,4,0,15518229,15518080
11258,11258,4,0,15518230,15518081
11258,11258,4,0,15518231,15518082
11258,11258,4,0,15518232,15518083
11258,11258,4,0,15518233,15518084
11258,11258,4,0,15518234,15518085
11258,11258,4,0,15518235,15518086
11258,11258,4,0,15518236,15518087
11258,11258,4,0,15518237,15518088
11258,11258,4,0,15518238,15518089
11258,11258,4,0,15518239,15518090
11258,11258,4,0,15518240,15518091
11258,11258,4,0,15518241,15518092
11258,11258,4,0,15518242,15518093
11258,11258,4,0,15518437,15518307
11258,11258,4,0,15518438,15518308
11258,11258,4,0,15518439,15518309
11258,11258,4,0,15518440,15518310
11258,11258,4,0,15518441,15518311
11258,11258,4,0,15518442,15518312
11258,11258,4,0,15518443,15518313
11258,11258,4,0,15518444,15518314
11258,11258,4,0,15518445,15518315
11258,11258,4,0,15518446,15518316
11258,11258,4,0,15518447,15518317
11258,11258,4,0,15518448,15518318
11258,11258,4,0,15518449,15518319
11258,11258,4,0,15518450,15518320
11258,11258,4,0,15518451,15518321
11258,11258,4,0,15518452,15518322
11258,11258,4,0,15518453,15518323
11258,11258,4,0,15518454,15518324
11258,11258,4,0,15518455,15518325
11258,11258,4,0,15518456,15518326
11258,11258,4,0,15518457,15518327
11258,11258,4,0,15518458,15518328
11258,11258,4,0,15518459,15518329
11258,11258,4,0,15518460,15518330
11258,11258,4,0,15518461,15518331
11258,11258,4,0,15518462,15518332
11258,11258,4,0,15518463,15518333
11258,11258,4,0,15518464,15518334
11258,11258,4,0,15518465,15518335
11258,11258,4,0,15518466,15518336
11258,11258,4,0,15518467,15518337
11258,11258,4,0,15518468,15518338
11258,11258,4,0,15518469,15518339
11258,11258,4,0,15518470,15518340
11258,11258,4,0,15518471,15518341
11258,11258,4,0,15518472,15518342
11258,11258,4,0,15518473,15518343
11258,11258,4,0,15518474,15518344
11258,11258,4,0,15518475,15518345
11258,11258,4,0,15518476,15518346
11258,11258,4,0,15518477,15518347
11258,11258,4,0,15518478,15518348
11258,11258,4,0,15518479,15518349
11258,11258,4,0,15518480,15518350
11258,11258,4,0,15518481,15518351
11258,11258,4,0,15518482,15518352
11258,11258,4,0,15518483,15518353
11258,11258,4,0,15518484,15518354
11258,11258,4,0,15518485,15518355
11258,11258,4,0,15518486,15518356
11258,11258,4,0,15518487,15518357
11258,11258,4,0,15518488,15518358
11258,11258,4,0,15518489,15518359
11258,11258,4,0,15518490,15518360
11258,11258,4,0,15518491,15518361
11258,11258,4,0,15518492,15518362
11258,11258,4,0,15518493,15518363
11258,11258,4,0,15518494,15518364
11258,11258,4,0,15518495,15518365
11258,11258,4,0,15518496,15518366
11258,11258,4,0,15518497,15518367
11258,11258,4,0,15518498,15518368
11258,11258,4,0,15518499,15518369
11258,11258,4,0,15518500,15518370
11258,11258,4,0,15518501,15518371
11258,11258,4,0,15518502,15518372
11258,11276,2,360,,
11258,11277,2,300,,
11259,12232,2,360,,
11259,12240,2,360,,
11260,10360,0,240,,
11260,11221,2,420,,
11260,11227,2,420,,
11260,11258,0,240,,
11260,11260,0,240,,
11260,11260,4,0,15451102,15459762
11260,11260,4,0,15451103,15459804
11260,11260,4,0,15451104,15459805
11260,11260,4,0,15451105,15459806
11260,11260,4,0,15451106,15459807
11260,11260,4,0,15451107,15459808
11260,11260,4,0,15451108,15459809
11260,11260,4,0,15451109,15459810
11260,11260,4,0,15451110,15459811
11260,11260,4,0,15451111,15459812
11260,11260,4,0,15451112,15459753
11260,11260,4,0,15451113,15459813
11260,11260,4,0,15451114,15459815
11260,11260,4,0,15451115,15459816
11260,11260,4,0,15451116,15459817
11260,11260,4,0,15451117,15459818
11260,11260,4,0,15451118,15459819
11260,11260,4,0,15451119,15459820
11260,11260,4,0,15451120,15459821
11260,11260,4,0,15451121,15459822
11260,11260,4,0,15451122,15459823
11260,11260,4,0,15451123,15459824
11260,11260,4,0,15451124,15459825
11260,11260,4,0,15451125,15459826
11260,11260,4,0,15451126,15459827
11260,11260,4,0,15451127,15459828
11260,11260,4,0,15451128,15459829
11260,11260,4,0,15451129,15459747
11260,11260,4,0,15451130,15459748
11260,11260,4,0,15451131,15459749
11260,11260,4,0,15451132,15459750
11260,11260,4,0,15451133,15459754
11260,11260,4,0,15451134,15459755
11260,11260,4,0,15451135,15459777
11260,11260,4,0,15451136,15459757
11260,11260,4,0,15451137,15459758
11260,11260,4,0,15451138,15459759
11260,11260,4,0,15451139,15459760
11260,11260,4,0,15451140,15459761
11260,11260,4,0,15451141,15459781
11260,11260,4,0,15451142,15459782
11260,11260,4,0,15451143,15459783
11260,11260,4,0,15451144,15459784
11260,11260,4,0,15451145,15459785
11260,11260,4,0,15451146,15459786
11260,11260,4,0,15451147,15459787
11260,11260,4,0,15451148,15459788
11260,11260,4,0,15451149,15459763
11260,11260,4,0,15451149,15459789
11260,11260,4,0,15451150,15459764
11260,11260,4,0,15451150,15459790
11260,11260,4,0,15451151,15459765
11260,11260,4,0,15451151,15459791
11260,11260,4,0,15451152,15459766
11260,11260,4,0,15451152,15459792
11260,11260,4,0,15451153,15459768
11260,11260,4,0,15451153,15459794
11260,11260,4,0,15451154,15459769
11260,11260,4,0,15451154,15459795
11260,11260,4,0,15451155,15459770
11260,11260,4,0,15451155,15459796
11260,11260,4,0,15451156,15459767
11260,11260,4,0,15451156,15459793
11260,11260,4,0,15451157,15459797
11260,11260,4,0,15451157,15459814
11260,11260,4,0,15451158,15459771
11260,11260,4,0,15451158,15459798
11260,11260,4,0,15451159,15459772
11260,11260,4,0,15451159,15459799
11260,11260,4,0,15451160,15459756
11260,11260,4,0,15451161,15459773
11260,11260,4,0,15451161,15459800
11260,11260,4,0,15451162,15459774
11260,11260,4,0,15451162,15459801
11260,11260,4,0,15451163,15459775
11260,11260,4,0,15451164,15459776
11260,11260,4,0,15451165,15459778
11260,11260,4,0,15451166,15459779
11260,11260,4,0,15451167,15459780
11260,11260,4,0,15451168,15459751
11260,11260,4,0,15451169,15459752
11260,11260,4,0,15451170,15459802
11260,11260,4,0,15451171,15459803
11260,11260,4,0,15517945,15518094
11260,11260,4,0,15517946,15518095
11260,11260,4,0,15517947,15518096
11260,11260,4,0,15517948,15518097
11260,11260,4,0,15517949,15518098
11260,11260,4,0,15517950,15518099
11260,11260,4,0,15517951,15518100
11260,11260,4,0,15517952,15518101
11260,11260,4,0,15517953,15518102
11260,11260,4,0,15517954,15518103
11260,11260,4,0,15517955,15518104
11260,11260,4,0,15517956,15518105
11260,11260,4,0,15517957,15518106
11260,11260,4,0,15517958,15518107
11260,11260,4,0,15517959,15518108
11260,11260,4,0,15517960,15518109
11260,11260,4,0,15517961,15518110
11260,11260,4,0,15517962,15518111
11260,11260,4,0,15517963,15518112
11260,11260,4,0,15517964,15518113
11260,11260,4,0,15517965,15518114
11260,11260,4,0,15517966,15518115
11260,11260,4,0,15517967,15518116
11260,11260,4,0,15517968,15518117
11260,11260,4,0,15517969,15518118
11260,11260,4,0,15517970,15518119
11260,11260,4,0,15517971,15518120
11260,11260,4,0,15517972,15518121
11260,11260,4,0,15517973,15518122
11260,11260,4,0,15517974,15518123
11260,11260,4,0,15517975,15518124
11260,11260,4,0,15517976,15518125
11260,11260,4,0,15517977,15518126
11260,11260,4,0,15517978,15518127
11260,11260,4,0,15517979,15518128
11260,11260,4,0,15517980,15518129
11260,11260,4,0,15517981,15518130
11260,11260,4,0,15517982,15518131
11260,11260,4,0,15517983,15518132
11260,11260,4,0,15517984,15518133
11260,11260,4,0,15517985,15518134
11260,11260,4,0,15517986,15518135
11260,11260,4,0,15517987,15518136
11260,11260,4,0,15517988,15518137
11260,11260,4,0,15517989,15518138
11260,11260,4,0,15517990,15518139
11260,11260,4,0,15517991,15518140
11260,11260,4,0,15517992,15518141
11260,11260,4,0,15517993,15518142
11260,11260,4,0,15517994,15518143
11260,11260,4,0,15517995,15518144
11260,11260,4,0,15517996,15518145
11260,11260,4,0,15517997,15518146
11260,11260,4,0,15517998,15518147
11260,11260,4,0,15517999,15518148
11260,11260,4,0,15518000,15518149
11260,11260,4,0,15518001,15518150
11260,11260,4,0,15518002,15518151
11260,11260,4,0,15518003,15518152
11260,11260,4,0,15518004,15518153
11260,11260,4,0,15518005,15518154
11260,11260,4,0,15518006,15518155
11260,11260,4,0,15518007,15518156
11260,11260,4,0,15518008,15518157
11260,11260,4,0,15518009,15518158
11260,11260,4,0,15518010,15518159
11260,11260,4,0,15518011,15518160
11260,11260,4,0,15518012,15518161
11260,11260,4,0,15518013,15518162
11260,11260,4,0,15518014,15518163
11260,11260,4,0,15518015,15518164
11260,11260,4,0,15518016,15518165
11260,11260,4,0,15518017,15518166
11260,11260,4,0,15518018,15518167
11260,11260,4,0,15518019,15518168
11260,11260,4,0,15518243,15518373
11260,11260,4,0,15518244,15518374
11260,11260,4,0,15518245,15518375
11260,11260,4,0,15518246,15518376
11260,11260,4,0,15518247,15518377
11260,11260,4,0,15518248,15518378
11260,11260,4,0,15518249,15518379
11260,11260,4,0,15518250,15518380
11260,11260,4,0,15518251,15518381
11260,11260,4,0,15518252,15518382
11260,11260,4,0,15518253,15518383
11260,11260,4,0,15518254,15518384
11260,11260,4,0,15518255,15518385
11260,11260,4,0,15518256,15518386
11260,11260,4,0,15518257,15518387
11260,11260,4,0,15518258,15518388
11260,11260,4,0,15518259,15518389
11260,11260,4,0,15518260,15518390
11260,11260,4,0,15518261,15518391
11260,11260,4,0,15518262,15518392
11260,11260,4,0,15518263,15518393
11260,11260,4,0,15518264,15518394
11260,11260,4,0,15518265,15518395
11260,11260,4,0,15518266,15518396
11260,11260,4,0,15518267,15518397
11260,11260,4,0,15518268,15518398
11260,11260,4,0,15518269,15518399
11260,11260,4,0,15518270,15518400
11260,11260,4,0,15518271,15518401
11260,11260,4,0,15518272,15518402
11260,11260,4,0,15518273,15518403
11260,11260,4,0,15518274,15518404
11260,11260,4,0,15518275,15518405
11260,11260,4,0,15518276,15518406
11260,11260,4,0,15518277,15518407
11260,11260,4,0,15518278,15518408
11260,11260,4,0,15518279,15518409
11260,11260,4,0,15518280,15518410
11260,11260,4,0,15518281,15518411
11260,11260,4,0,15518282,15518412
11260,11260,4,0,15518283,15518413
11260,11260,4,0,15518284,15518414
11260,11260,4,0,15518285,15518415
11260,11260,4,0,15518286,15518416
11260,11260,4,0,15518287,15518417
11260,11260,4,0,15518288,15518418
11260,11260,4,0,15518289,15518419
11260,11260,4,0,15518290,15518420
11260,11260,4,0,15518291,15518421
11260,11260,4,0,15518292,15518422
11260,11260,4,0,15518293,15518423
11260,11260,4,0,15518294,15518424
11260,11260,4,0,15518295,15518425
11260,11260,4,0,15518296,15518426
11260,11260,4,0,15518297,15518427
11260,11260,4,0,15518298,15518428
11260,11260,4,0,15518299,15518429
11260,11260,4,0,15518300,15518430
11260,11260,4,0,15518301,15518431
11260,11260,4,0,15518302,15518432
11260,11260,4,0,15518303,15518433
11260,11260,4,0,15518304,15518434
11260,11260,4,0,15518305,15518435
11260,11260,4,0,15518306,15518436
11260,11276,2,300,,
11260,11277,2,300,,
11262,826,2,300,,
11268,11246,0,240,,
11268,11248,0,240,,
11268,11250,0,240,,
11268,11253,0,240,,
11268,11266,0,240,,
11268,11267,0,240,,
11268,11268,0,240,,
11268,11269,0,240,,
11268,11288,0,240,,
11268,11289,0,240,,
11268,11763,0,240,,
11268,11788,0,240,,
11270,11246,0,240,,
11270,11248,0,240,,
11270,11250,0,240,,
11270,11253,0,240,,
11270,11256,0,240,,
11270,11266,0,240,,
11270,11267,0,240,,
11270,11268,0,240,,
11270,11269,0,240,,
11270,11288,0,240,,
11270,11289,0,240,,
11270,11763,0,240,,
11270,11788,0,240,,
11273,11522,2,300,,
11273,11523,2,300,,
11273,11535,2,420,,
11273,11706,2,360,,
11273,4494,2,480,,
11273,4495,2,360,,
11273,4882,2,360,,
11273,8535,2,540,,
11273,9129,2,360,,
11273,985,2,300,,
11274,10468,2,420,,
11274,11310,2,360,,
11274,11337,2,360,,
11275,10468,2,420,,
11275,11310,2,360,,
11275,11311,2,360,,
11275,11337,2,360,,
11276,10360,2,300,,
11276,11258,2,300,,
11276,11260,2,300,,
11277,10360,2,300,,
11277,11260,2,300,,
11278,11087,2,300,,
11278,11088,2,300,,
11278,12548,2,360,,
11278,12764,2,360,,
11279,11087,2,360,,
11279,11088,0,240,,
11279,11227,2,360,,
11279,12548,2,360,,
11279,12764,2,360,,
11279,12960,2,600,,
11280,10799,2,300,,
11280,1525,2,300,,
11280,1586,2,300,,
11280,423,2,300,,
11281,10799,2,300,,
11281,1525,2,300,,
11281,1586,2,300,,
11281,423,2,300,,
11282,11354,2,300,,
11282,12586,2,300,,
11282,160,2,300,,
11282,627,2,300,,
11283,11354,2,300,,
11283,12586,2,300,,
11283,12975,2,300,,
11283,160,2,240,,
11284,10745,2,300,,
11284,2051,2,300,,
11285,10745,2,300,,
11285,2051,2,300,,
11286,11251,0,240,,
11286,11252,0,240,,
11287,11251,0,240,,
11287,11252,0,240,,
11288,11246,0,240,,
11288,11248,0,240,,
11288,11250,0,240,,
11288,11253,0,240,,
11288,11256,0,240,,
11288,11266,0,240,,
11288,11267,0,240,,
11288,11268,0,240,,
11288,11269,0,240,,
11288,11763,0,240,,
11288,11788,0,240,,
11289,11246,0,240,,
11289,11248,0,240,,
11289,11253,0,240,,
11289,11256,0,240,,
11289,11266,0,240,,
11289,11267,0,240,,
11289,11268,0,240,,
11289,11269,0,240,,
11289,11288,0,240,,
11289,11763,0,240,,
11289,11788,0,240,,
11290,8604,2,300,,
11292,11387,2,480,,
11292,13007,2,300,,
11292,13077,2,300,,
11293,13007,2,300,,
11293,13077,2,300,,
11294,11243,2,360,,
11294,11247,2,360,,
11294,11707,2,300,,
11294,12716,2,300,,
11294,6753,2,300,,
113,11016,0,240,,
1130,1254,0,240,,
1130,659,0,240,,
11303,11438,2,300,,
11303,12036,2,360,,
11303,12138,2,480,,
11303,13126,2,360,,
11303,35,2,300,,
11303,77,2,360,,
11303,8035,2,480,,
11303,8039,2,360,,
11303,9069,2,300,,
11303,938,2,300,,
11303,96,2,420,,
11305,11245,0,240,,
11305,11305,0,240,,
11307,2892,0,240,,
11307,3151,2,360,,
11308,11308,0,240,,
11308,12233,2,420,,
11310,10468,2,360,,
11310,11274,2,360,,
11310,11337,2,300,,
11311,10468,2,300,,
11311,11274,2,420,,
11311,11275,2,420,,
11311,11337,2,300,,
11318,11114,2,600,,
11318,11962,2,540,,
1133,1075,0,240,,
1133,1828,0,240,,
1133,1833,2,300,,
11331,12516,2,300,,
11331,5332,2,300,,
11337,11274,2,360,,
11337,11275,2,360,,
11337,11310,2,360,,
11337,11311,2,300,,
11349,10745,0,240,,
11349,2051,0,240,,
11354,11282,2,300,,
11354,11283,2,300,,
11354,12975,2,360,,
11354,627,2,300,,
1137,1617,0,240,,
1137,1683,0,240,,
11388,13007,2,300,,
11388,13077,2,300,,
1139,1160,2,360,,
1139,1654,0,240,,
11392,11392,4,0,15463543,15463512
11392,11392,4,0,15463544,15463509
11392,11392,4,0,15463545,15463501
11392,11392,4,0,15463546,15463519
11392,11392,4,0,15463547,15463498
11392,11392,4,0,15463548,15463510
11392,11392,4,0,15463549,15463507
11392,11392,4,0,15463550,15463508
11392,11392,4,0,15463551,15463493
11392,11392,4,0,15463552,15463500
11392,11392,4,0,15463553,15463482
11392,11392,4,0,15463554,15463490
11392,11392,4,0,15463555,15463495
11392,11392,4,0,15463556,15463506
11392,11392,4,0,15463557,15463480
11392,11392,4,0,15463558,15463483
11392,11392,4,0,15463559,15463517
11392,11392,4,0,15463560,15463484
11392,11392,4,0,15463561,15463518
11392,11392,4,0,15463562,15463499
11392,11392,4,0,15463563,15463481
11392,11392,4,0,15463564,15463504
11392,11392,4,0,15463565,15463502
11392,11392,4,0,15463566,15463488
11392,11392,4,0,15463567,15463511
11392,11392,4,0,15463568,15463521
11392,11392,4,0,15463569,15463523
11392,11392,4,0,15463570,15463522
11392,11392,4,0,15463571,15463496
11392,11392,4,0,15463572,15463524
11392,11392,4,0,15463573,15463520
11392,11392,4,0,15463574,15463491
11392,11392,4,0,15463575,15463515
11392,11392,4,0,15463576,15463514
11392,11392,4,0,15463577,15463494
11392,11392,4,0,15463578,15463525
11392,11392,4,0,15463579,15463497
11392,11392,4,0,15463580,15463489
11392,11392,4,0,15463581,15463486
11392,11392,4,0,15463582,15463485
11392,11392,4,0,15463583,15463487
11392,11392,4,0,15463584,15463505
11392,11392,4,0,15463585,15463478
11392,11392,4,0,15463586,15463479
11392,11392,4,0,15463587,15463513
11392,11392,4,0,15463588,15463492
11392,11392,4,0,15463589,15463503
11392,11392,4,0,15463590,15463516
11392,11392,4,0,15463591,15463526
11392,11392,4,0,15463592,15463527
11392,11392,4,0,15463593,15463528
11392,11392,4,0,15463601,15463537
11392,11392,4,0,15463602,15463538
11392,11392,4,0,15463603,15463539
11392,11392,4,0,15463604,15463540
11392,11392,4,0,15463605,15463541
11392,11392,4,0,15463642,15463607
11392,11392,4,0,15463643,15463612
11392,11392,4,0,15463644,15463627
11392,11392,4,0,15463645,15463625
11392,11392,4,0,15463646,15463617
11392,11392,4,0,15463647,15463626
11392,11392,4,0,15463648,15463620
11392,11392,4,0,15463649,15463621
11392,11392,4,0,15463650,15463622
11392,11392,4,0,15463651,15463613
11392,11392,4,0,15463652,15463630
11392,11392,4,0,15463653,15463615
11392,11392,4,0,15463654,15463610
11392,11392,4,0,15463655,15463629
11392,11392,4,0,15463656,15463611
11392,11392,4,0,15463657,15463636
11392,11392,4,0,15463658,15463606
11392,11392,4,0,15463659,15463608
11392,11392,4,0,15463660,15463628
11392,11392,4,0,15463661,15463609
11392,11392,4,0,15463662,15463618
11392,11392,4,0,15463663,15463619
11392,11392,4,0,15463664,15463631
11392,11392,4,0,15463665,15463632
11392,11392,4,0,15463666,15463616
11392,11392,4,0,15463667,15463623
11392,11392,4,0,15463668,15463634
11392,11392,4,0,15463669,15463635
11392,11392,4,0,15463670,15463614
11392,11392,4,0,15463671,15463633
11392,11392,4,0,15463672,15463624
11392,11392,4,0,15463673,15463637
11392,11392,4,0,15463674,15463639
11392,11392,4,0,15463675,15463640
11392,11392,4,0,15463676,15463641
11392,11392,4,0,15463709,15463683
11392,11392,4,0,15463710,15463694
11392,11392,4,0,15463711,15463684
11392,11392,4,0,15463712,15463695
11392,11392,4,0,15463713,15463685
11392,11392,4,0,15463714,15463686
11392,11392,4,0,15463715,15463687
11392,11392,4,0,15463716,15463688
11392,11392,4,0,15463717,15463689
11392,11392,4,0,15463718,15463677
11392,11392,4,0,15463719,15463690
11392,11392,4,0,15463720,15463691
11392,11392,4,0,15463721,15463692
11392,11392,4,0,15463722,15463693
11392,11392,4,0,15463723,15463698
11392,11392,4,0,15463724,15463699
11392,11392,4,0,15463725,15463696
11392,11392,4,0,15463726,15463697
11392,11392,4,0,15463727,15463700
11392,11392,4,0,15463728,15463678
11392,11392,4,0,15463729,15463679
11392,11392,4,0,15463730,15463680
11392,11392,4,0,15463731,15463681
11392,11392,4,0,15463732,15463682
11392,11392,4,0,15463733,15463701
11392,11392,4,0,15463734,15463702
11392,11392,4,0,15463735,15463703
11392,11392,4,0,15463736,15463704
11392,11392,4,0,15463737,15463705
11392,11392,4,0,15463738,15463707
11392,11392,4,0,15463739,15463708
11392,11392,4,0,15463740,15463706
11392,11392,4,0,15533630,15463529
11392,11392,4,0,15533631,15463638
114,11016,0,240,,
114,113,2,300,,
114,114,0,240,,
114,12958,0,240,,
114,56,0,240,,
11402,11402,0,240,,
11402,3317,2,360,,
11403,12721,2,300,,
11403,331,2,360,,
11403,545,2,300,,
11405,11408,2,480,,
11426,12348,2,300,,
11427,25,0,240,,
11427,26,2,360,,
11429,12348,2,300,,
11429,25,0,240,,
11429,26,2,360,,
11429,98,2,480,,
1143,13121,2,300,,
1143,2120,2,300,,
1143,856,2,300,,
1143,887,0,240,,
11434,11434,4,0,15499706,15499810
11434,11434,4,0,15499707,15499811
11434,11434,4,0,15499708,15499812
11434,11434,4,0,15499709,15499813
11434,11434,4,0,15499710,15499814
11434,11434,4,0,15499711,15499815
11434,11434,4,0,15499712,15499816
11434,11434,4,0,15499713,15499817
11434,11434,4,0,15499714,15499818
11434,11434,4,0,15499715,15499819
11434,11434,4,0,15499716,15499820
11434,11434,4,0,15499717,15499821
11434,11434,4,0,15499718,15499822
11434,11434,4,0,15499719,15499823
11434,11434,4,0,15499720,15499824
11434,11434,4,0,15499721,15499825
11434,11434,4,0,15499722,15499826
11434,11434,4,0,15499723,15499827
11434,11434,4,0,15499724,15499828
11434,11434,4,0,15499725,15499829
11434,11434,4,0,15499726,15499830
11434,11434,4,0,15499727,15499831
11434,11434,4,0,15499728,15499832
11434,11434,4,0,15499729,15499833
11434,11434,4,0,15499730,15499834
11434,11434,4,0,15499731,15499835
11434,11434,4,0,15499732,15499836
11434,11434,4,0,15499733,15499837
11434,11434,4,0,15499753,15499866
11434,11434,4,0,15499754,15499867
11434,11434,4,0,15499755,15499868
11434,11434,4,0,15499756,15499869
11434,11434,4,0,15499757,15499870
11434,11434,4,0,15499758,15499871
11434,11434,4,0,15499759,15499872
11434,11434,4,0,15499760,15499873
11434,11434,4,0,15499761,15499874
11434,11434,4,0,15499762,15499875
11434,11434,4,0,15499763,15499876
11434,11434,4,0,15499764,15499877
11434,11434,4,0,15499765,15499878
11434,11434,4,0,15499766,15499879
11434,11434,4,0,15499767,15499880
11434,11434,4,0,15499768,15499881
11434,11434,4,0,15499769,15499882
11434,11434,4,0,15499770,15499883
11434,11434,4,0,15499771,15499884
11434,11434,4,0,15499791,15499904
11434,11434,4,0,15499792,15499905
11434,11434,4,0,15499793,15499906
11434,11434,4,0,15499794,15499907
11434,11434,4,0,15499795,15499908
11434,11434,4,0,15499796,15499909
11434,11434,4,0,15499797,15499910
11434,11434,4,0,15499798,15499911
11434,11434,4,0,15499799,15499912
11434,11434,4,0,15499800,15499913
11434,11434,4,0,15499801,15499914
11434,11434,4,0,15499802,15499915
11434,11434,4,0,15499803,15499916
11434,11434,4,0,15499804,15499917
11434,11434,4,0,15499805,15499918
11434,11434,4,0,15499806,15499919
11434,11434,4,0,15499807,15499920
11434,11434,4,0,15499808,15499921
11434,11434,4,0,15499809,15499922
11434,11434,4,0,15499838,15499678
11434,11434,4,0,15499839,15499679
11434,11434,4,0,15499840,15499680
11434,11434,4,0,15499841,15499681
11434,11434,4,0,15499842,15499682
11434,11434,4,0,15499843,15499683
11434,11434,4,0,15499844,15499684
11434,11434,4,0,15499845,15499685
11434,11434,4,0,15499846,15499686
11434,11434,4,0,15499847,15499687
11434,11434,4,0,15499848,15499688
11434,11434,4,0,15499849,15499689
11434,11434,4,0,15499850,15499690
11434,11434,4,0,15499851,15499691
11434,11434,4,0,15499852,15499692
11434,11434,4,0,15499853,15499693
11434,11434,4,0,15499854,15499694
11434,11434,4,0,15499855,15499695
11434,11434,4,0,15499856,15499696
11434,11434,4,0,15499857,15499697
11434,11434,4,0,15499858,15499698
11434,11434,4,0,15499859,15499699
11434,11434,4,0,15499860,15499700
11434,11434,4,0,15499861,15499701
11434,11434,4,0,15499862,15499702
11434,11434,4,0,15499863,15499703
11434,11434,4,0,15499864,15499704
11434,11434,4,0,15499865,15499705
11434,11434,4,0,15499885,15499734
11434,11434,4,0,15499886,15499735
11434,11434,4,0,15499887,15499736
11434,11434,4,0,15499888,15499737
11434,11434,4,0,15499889,15499738
11434,11434,4,0,15499890,15499739
11434,11434,4,0,15499891,15499740
11434,11434,4,0,15499892,15499741
11434,11434,4,0,15499893,15499742
11434,11434,4,0,15499894,15499743
11434,11434,4,0,15499895,15499744
11434,11434,4,0,15499896,15499745
11434,11434,4,0,15499897,15499746
11434,11434,4,0,15499898,15499747
11434,11434,4,0,15499899,15499748
11434,11434,4,0,15499900,15499749
11434,11434,4,0,15499901,15499750
11434,11434,4,0,15499902,15499751
11434,11434,4,0,15499903,15499752
11434,11434,4,0,15499923,15499772
11434,11434,4,0,15499924,15499773
11434,11434,4,0,15499925,15499774
11434,11434,4,0,15499926,15499775
11434,11434,4,0,15499927,15499776
11434,11434,4,0,15499928,15499777
11434,11434,4,0,15499929,15499778
11434,11434,4,0,15499930,15499779
11434,11434,4,0,15499931,15499780
11434,11434,4,0,15499932,15499781
11434,11434,4,0,15499933,15499782
11434,11434,4,0,15499934,15499783
11434,11434,4,0,15499935,15499784
11434,11434,4,0,15499936,15499785
11434,11434,4,0,15499937,15499786
11434,11434,4,0,15499938,15499787
11434,11434,4,0,15499939,15499788
11434,11434,4,0,15499940,15499789
11434,11434,4,0,15499941,15499790
11439,7869,2,300,,
11441,10400,2,360,,
11441,11302,2,360,,
11441,11526,2,360,,
11441,11535,2,420,,
11441,13126,2,360,,
11441,35,2,360,,
11441,77,2,360,,
11441,78,2,360,,
11441,8019,2,480,,
11441,8035,2,480,,
11441,95,2,300,,
11441,96,2,360,,
1147,785,2,360,,
11470,11393,2,360,,
11500,165,0,240,,
11500,251,0,240,,
1151,1307,2,360,,
1151,1355,0,240,,
1152,1575,0,240,,
11523,11272,2,300,,
11523,11523,0,240,,
11523,11706,2,60,,
11523,4494,2,300,,
11523,4495,0,240,,
11523,9129,2,300,,
11523,985,0,240,,
11524,11272,2,300,,
11524,11524,0,240,,
11524,11706,0,240,,
11524,4494,2,360,,
11524,4495,2,300,,
11524,4882,2,360,,
11524,9129,2,120,,
11525,11525,0,240,,
11525,8041,2,300,,
11526,11526,0,240,,
11526,11616,2,300,,
11526,11706,2,120,,
11526,13126,0,240,,
11526,77,0,240,,
11526,8041,2,360,,
11526,8535,2,480,,
11527,11438,2,300,,
11529,1283,0,240,,
11529,231,2,300,,
11529,232,2,300,,
11529,2738,2,360,,
11529,524,0,240,,
11529,942,2,360,,
1153,1153,0,240,,
11534,12581,2,300,,
11534,81,0,240,,
11535,11438,2,480,,
11535,11535,0,240,,
11535,11706,2,120,,
11535,35,2,480,,
11535,4495,2,180,,
11535,78,2,360,,
11535,8035,2,600,,
11535,8041,2,300,,
11535,9129,2,300,,
11535,95,2,360,,
11540,6754,2,300,,
11542,26,0,240,,
11543,3517,2,300,,
11553,10399,0,240,,
11553,4881,2,300,,
11554,11534,2,420,,
11554,11554,0,240,,
11554,4494,2,420,,
11554,80,2,300,,
11554,938,2,360,,
11557,11556,0,240,,
11559,7650,2,300,,
11559,8023,2,120,,
11559,8030,2,120,,
1156,1070,0,240,,
1156,1071,0,240,,
1156,1156,0,240,,
11573,3735,0,240,,
11579,11408,2,420,,
11583,11583,0,240,,
11587,1846,2,420,,
11588,11588,0,240,,
11588,1231,0,240,,
11588,8044,0,240,,
11588,8073,0,240,,
11588,8763,2,360,,
11588,972,0,240,,
11589,11606,0,240,,
11589,1231,0,240,,
11589,8044,2,300,,
11589,8073,2,300,,
11589,8754,0,240,,
11589,8763,2,300,,
11589,972,0,240,,
11592,5287,2,360,,
11592,5288,2,360,,
11593,10643,2,300,,
11593,10644,0,240,,
11598,11604,2,360,,
1160,1160,0,240,,
1160,1186,0,240,,
1160,1187,0,240,,
1160,12665,2,300,,
1160,12666,2,300,,
1160,1648,0,240,,
11600,4004,2,360,,
11602,11597,2,300,,
11606,1231,0,240,,
11606,8044,2,300,,
11606,8073,2,300,,
11606,8754,2,300,,
11606,8763,2,300,,
11606,972,2,300,,
11613,9848,2,360,,
11616,11438,2,360,,
11616,13126,0,240,,
11616,77,0,240,,
11622,155,0,240,,
11622,256,2,300,,
11623,668,0,240,,
11623,701,0,240,,
11627,4982,2,480,,
11628,5016,2,480,,
11628,5077,2,480,,
11629,5077,2,480,,
11630,4951,2,420,,
11630,4982,2,360,,
11632,155,0,240,,
11632,256,0,240,,
11645,4463,2,300,,
11646,81,2,540,,
1165,1738,2,600,,
11664,11664,2,120,,
11664,5183,2,360,,
11664,9720,0,240,,
11674,1685,2,300,,
11674,1736,2,300,,
11674,1801,0,240,,
11674,8047,0,240,,
11674,8070,0,240,,
11674,8563,0,240,,
11676,4659,2,360,,
11678,11708,2,300,,
1168,2540,0,240,,
11682,1430,2,300,,
11682,1442,0,240,,
11697,11697,0,240,,
11697,11876,2,300,,
11697,1401,2,720,,
11697,2821,2,360,,
11697,8750,2,720,,
11697,8759,2,540,,
1170,1170,0,240,,
1170,12336,2,480,,
11701,5031,2,360,,
11701,5059,2,480,,
11704,11704,0,240,,
11704,13013,0,240,,
11704,5436,0,240,,
11704,5542,0,240,,
11704,5543,2,420,,
11704,6139,0,240,,
11704,6174,0,240,,
11704,6195,2,420,,
11704,6340,2,420,,
11704,8854,0,240,,
11706,11706,0,240,,
11707,11243,2,300,,
11707,11247,0,240,,
11707,11295,2,360,,
11707,11707,0,240,,
11707,12716,2,300,,
11707,6753,0,240,,
11708,11678,2,300,,
1171,1170,2,480,,
1171,1175,2,300,,
1171,12336,0,240,,
11710,11712,0,240,,
11710,11714,2,300,,
11710,11715,0,240,,
11710,11716,0,240,,
11710,11718,0,240,,
11710,8053,0,240,,
11710,8064,0,240,,
11712,11712,4,0,15463075,15462735
11712,11712,4,0,15463076,15462734
11712,11712,4,0,15463077,15462733
11712,11712,4,0,15463078,15462732
11712,11712,4,0,15463079,15462731
11712,11712,4,0,15463080,15462730
11712,11712,4,0,15463081,15462728
11712,11712,4,0,15463082,15462727
11712,11712,4,0,15463083,15462726
11712,11712,4,0,15463084,15462725
11712,11712,4,0,15463085,15462729
11712,11712,4,0,15463086,15462724
11712,11712,4,0,15463087,15462723
11712,11712,4,0,15463088,15462722
11712,11712,4,0,15463089,15462721
11712,11712,4,0,15463090,15462719
11712,11712,4,0,15463091,15462718
11712,11712,4,0,15463092,15462740
11712,11712,4,0,15463093,15462716
11712,11712,4,0,15463094,15462715
11712,11712,4,0,15463095,15462714
11712,11712,4,0,15463096,15462739
11712,11712,4,0,15463097,15462712
11712,11712,4,0,15463098,15462710
11712,11712,4,0,15463099,15462738
11712,11712,4,0,15463100,15462708
11712,11712,4,0,15463101,15462707
11712,11712,4,0,15463102,15462706
11712,11712,4,0,15463103,15462705
11712,11712,4,0,15463104,15462704
11712,11712,4,0,15463105,15462703
11712,11712,4,0,15463106,15462702
11712,11712,4,0,15463107,15462701
11712,11712,4,0,15463108,15462700
11712,11712,4,0,15463109,15462699
11712,11712,4,0,15463110,15462698
11712,11712,4,0,15463111,15462697
11712,11712,4,0,15463112,15462696
11712,11712,4,0,15463113,15462695
11712,11712,4,0,15463114,15462694
11712,11712,4,0,15463115,15462693
11712,11712,4,0,15463116,15462687
11712,11712,4,0,15463117,15462686
11712,11712,4,0,15463118,15462685
11712,11712,4,0,15463119,15462684
11712,11712,4,0,15463120,15462683
11712,11712,4,0,15463121,15462682
11712,11712,4,0,15463122,15462681
11712,11712,4,0,15463123,15462680
11712,11712,4,0,15463124,15462679
11712,11712,4,0,15463125,15462692
11712,11712,4,0,15463126,15462691
11712,11712,4,0,15463127,15462690
11712,11712,4,0,15463128,15462689
11712,11712,4,0,15463129,15462688
11712,11712,4,0,15463130,15462678
11712,11712,4,0,15463131,15462677
11712,11712,4,0,15463132,15462711
11712,11712,4,0,15463133,15462676
11712,11712,4,0,15463134,15462675
11712,11712,4,0,15463135,15462674
11712,11712,4,0,15463136,15462673
11712,11712,4,0,15463137,15462672
11712,11712,4,0,15463138,15462671
11712,11712,4,0,15463139,15462670
11712,11712,4,0,15463140,15462669
11712,11712,4,0,15463141,15462668
11712,11712,4,0,15463142,15462720
11712,11712,4,0,15463143,15462709
11712,11712,4,0,15463144,15462713
11712,11712,4,0,15463145,15462717
11712,11712,4,0,15463146,15462736
11712,11712,4,0,15463147,15462737
11712,11712,4,0,15463148,15462666
11712,11712,4,0,15463224,15462820
11712,11712,4,0,15463225,15462821
11712,11712,4,0,15463226,15462822
11712,11712,4,0,15463227,15462823
11712,11712,4,0,15463228,15462824
11712,11712,4,0,15463229,15462825
11712,11712,4,0,15463230,15462826
11712,11712,4,0,15463231,15462827
11712,11712,4,0,15463232,15462828
11712,11712,4,0,15463233,15462829
11712,11712,4,0,15463234,15462830
11712,11712,4,0,15463235,15462831
11712,11712,4,0,15463236,15462832
11712,11712,4,0,15463237,15462833
11712,11712,4,0,15463238,15462834
11712,11712,4,0,15463239,15462835
11712,11712,4,0,15463240,15462836
11712,11712,4,0,15463241,15462837
11712,11712,4,0,15463242,15462838
11712,11712,4,0,15463243,15462839
11712,11712,4,0,15463244,15462840
11712,11712,4,0,15463245,15462841
11712,11712,4,0,15463246,15462842
11712,11712,4,0,15463247,15462843
11712,11712,4,0,15463248,15462844
11712,11712,4,0,15463249,15462845
11712,11712,4,0,15463250,15462846
11712,11712,4,0,15463251,15462847
11712,11712,4,0,15463252,15462848
11712,11712,4,0,15463253,15462849
11712,11712,4,0,15463254,15462850
11712,11712,4,0,15463255,15462851
11712,11712,4,0,15463256,15462852
11712,11712,4,0,15463257,15462853
11712,11712,4,0,15463258,15462854
11712,11712,4,0,15463259,15462855
11712,11712,4,0,15463260,15462856
11712,11712,4,0,15463261,15462857
11712,11712,4,0,15463262,15462858
11712,11712,4,0,15463263,15462859
11712,11712,4,0,15463264,15462860
11712,11712,4,0,15463265,15462861
11712,11712,4,0,15463266,15462862
11712,11712,4,0,15463267,15462863
11712,11712,4,0,15463268,15462864
11712,11712,4,0,15463269,15462865
11712,11712,4,0,15463270,15462866
11712,11712,4,0,15463271,15462867
11712,11712,4,0,15463272,15462868
11712,11712,4,0,15463273,15462869
11712,11712,4,0,15463274,15462870
11712,11712,4,0,15463275,15462871
11712,11712,4,0,15463276,15462872
11712,11712,4,0,15463277,15462873
11712,11712,4,0,15463278,15462818
11712,11712,4,0,15463279,15462874
11712,11712,4,0,15463280,15462875
11712,11712,4,0,15463281,15462876
11712,11712,4,0,15463282,15462877
11712,11712,4,0,15463283,15462878
11712,11712,4,0,15463284,15462879
11712,11712,4,0,15463285,15462880
11712,11712,4,0,15463286,15462881
11712,11712,4,0,15463287,15462882
11712,11712,4,0,15463354,15462953
11712,11712,4,0,15463355,15462954
11712,11712,4,0,15463356,15462955
11712,11712,4,0,15463357,15462956
11712,11712,4,0,15463358,15462957
11712,11712,4,0,15463359,15462958
11712,11712,4,0,15463360,15462959
11712,11712,4,0,15463361,15462960
11712,11712,4,0,15463362,15462961
11712,11712,4,0,15463363,15462962
11712,11712,4,0,15463364,15462963
11712,11712,4,0,15463365,15462964
11712,11712,4,0,15463366,15462965
11712,11712,4,0,15463367,15462966
11712,11712,4,0,15463368,15462967
11712,11712,4,0,15463369,15462968
11712,11712,4,0,15463370,15462969
11712,11712,4,0,15463371,15462970
11712,11712,4,0,15463372,15462971
11712,11712,4,0,15463373,15462972
11712,11712,4,0,15463374,15462973
11712,11712,4,0,15463375,15462974
11712,11712,4,0,15463376,15462975
11712,11712,4,0,15463377,15462976
11712,11712,4,0,15463378,15462977
11712,11712,4,0,15463379,15462978
11712,11712,4,0,15463380,15462979
11712,11712,4,0,15463381,15462980
11712,11712,4,0,15463382,15462981
11712,11712,4,0,15463383,15462982
11712,11712,4,0,15463384,15462983
11712,11712,4,0,15463385,15462984
11712,11712,4,0,15463386,15462985
11712,11712,4,0,15463387,15462986
11712,11712,4,0,15463388,15462987
11712,11712,4,0,15463389,15462988
11712,11712,4,0,15463390,15462989
11712,11712,4,0,15463391,15462990
11712,11712,4,0,15463392,15462991
11712,11712,4,0,15463393,15462992
11712,11712,4,0,15463394,15462993
11712,11712,4,0,15463395,15462994
11712,11712,4,0,15463396,15462995
11712,11712,4,0,15463397,15462996
11712,11712,4,0,15463398,15462997
11712,11712,4,0,15463399,15462998
11712,11712,4,0,15463400,15462999
11712,11712,4,0,15463401,15463000
11712,11712,4,0,15463402,15463001
11712,11712,4,0,15463403,15463002
11712,11712,4,0,15463404,15463003
11712,11712,4,0,15463405,15463004
11712,11712,4,0,15463406,15463005
11712,11712,4,0,15463407,15463006
11712,11712,4,0,15463408,15463007
11712,11712,4,0,15463409,15463008
11712,11712,4,0,15463410,15463009
11712,11712,4,0,15463411,15463010
11712,11712,4,0,15463414,15462951
11712,11712,4,0,15463415,15462952
11713,11710,0,240,,
11713,11712,0,240,,
11713,11714,0,240,,
11713,11715,0,240,,
11713,11716,0,240,,
11713,8053,0,240,,
11713,8064,0,240,,
11714,11710,0,240,,
11714,11712,0,240,,
11714,11714,0,240,,
11714,11715,0,240,,
11714,11716,0,240,,
11714,11718,0,240,,
11714,8053,0,240,,
11714,8064,0,240,,
11715,11710,0,240,,
11715,11712,0,240,,
11715,11714,0,240,,
11715,11715,0,240,,
11715,11716,0,240,,
11719,11710,0,240,,
11719,11715,0,240,,
11719,11716,0,240,,
11719,11718,0,240,,
11719,8053,0,240,,
11719,8064,0,240,,
1172,1170,2,480,,
1172,1175,2,480,,
1173,12405,2,300,,
1173,12409,2,300,,
1173,12410,2,300,,
1173,12411,2,300,,
1173,2016,0,240,,
1173,2414,0,240,,
1173,2523,0,240,,
1173,2671,0,240,,
1173,2717,2,120,,
1173,2761,0,240,,
1173,2833,0,240,,
1173,8049,2,300,,
1173,8068,2,300,,
11739,11736,2,300,,
11739,11739,0,240,,
11739,12386,0,240,,
11754,10629,0,240,,
11759,11759,0,240,,
11760,10958,2,360,,
11760,11759,0,240,,
11765,11710,0,240,,
11765,11712,0,240,,
11765,11714,0,240,,
11765,11715,0,240,,
11765,11716,0,240,,
11765,8053,0,240,,
11765,8064,0,240,,
11785,11653,2,480,,
11792,12358,2,420,,
11792,12361,2,420,,
11792,12362,2,360,,
11792,12363,2,360,,
11793,12358,2,300,,
11793,12361,2,300,,
11793,12362,2,300,,
11793,12363,2,300,,
11794,12358,2,300,,
11794,12361,2,300,,
11794,12363,2,300,,
11798,11799,0,240,,
11798,11801,0,240,,
11798,11802,0,240,,
11798,11807,0,240,,
11798,11808,0,240,,
11798,11810,0,240,,
11798,11811,0,240,,
11801,11799,0,240,,
11801,11802,0,240,,
11801,11806,0,240,,
11801,11807,0,240,,
11801,11808,0,240,,
11801,11810,0,240,,
11801,11811,0,240,,
11802,11798,0,240,,
11802,11799,0,240,,
11802,11801,0,240,,
11802,11806,0,240,,
11802,11807,0,240,,
11802,11808,0,240,,
11802,11811,0,240,,
11805,11798,0,240,,
11805,11799,0,240,,
11805,11801,0,240,,
11805,11802,0,240,,
11805,11806,0,240,,
11805,11807,0,240,,
11805,11808,0,240,,
11805,11810,0,240,,
11805,11811,0,240,,
11806,11799,0,240,,
11806,11801,0,240,,
11806,11802,0,240,,
11806,11807,0,240,,
11806,11808,0,240,,
11806,11810,0,240,,
11806,11811,0,240,,
11807,11798,0,240,,
11807,11799,0,240,,
11807,11801,0,240,,
11807,11802,0,240,,
11807,11806,0,240,,
11808,11798,0,240,,
11808,11799,0,240,,
11808,11801,0,240,,
11808,11802,0,240,,
11808,11806,0,240,,
11808,11810,0,240,,
11808,11811,0,240,,
1181,1181,0,240,,
11810,11798,0,240,,
11810,11799,0,240,,
11810,11801,0,240,,
11810,11806,0,240,,
11810,11807,0,240,,
11810,11808,0,240,,
11810,11811,0,240,,
11827,11827,0,240,,
11827,3317,0,240,,
11843,12380,2,360,,
11858,11860,0,240,,
11858,11861,2,300,,
11858,12949,0,240,,
11858,5593,0,240,,
11858,5633,0,240,,
11858,5743,0,240,,
11858,6000,0,240,,
11858,6077,0,240,,
1186,1187,0,240,,
1186,12665,2,300,,
1186,12666,2,300,,
1186,1648,0,240,,
11860,11858,0,240,,
11860,11861,0,240,,
11860,12949,0,240,,
11860,5464,0,240,,
11860,5509,0,240,,
11860,5593,0,240,,
11860,5633,0,240,,
11860,5700,0,240,,
11860,5743,0,240,,
11860,6000,0,240,,
11860,6077,0,240,,
11866,10947,0,240,,
11866,4461,0,240,,
11866,4491,0,240,,
11866,4660,0,240,,
1187,1160,0,240,,
1187,1186,0,240,,
11874,11874,0,240,,
11874,11876,2,300,,
11874,12567,0,240,,
11874,1401,2,360,,
11874,8750,0,240,,
11874,8759,2,300,,
11876,11697,2,240,,
11876,11874,2,300,,
11876,11876,0,240,,
11876,12567,2,360,,
11876,1401,2,360,,
11876,8750,2,360,,
11876,8759,2,360,,
11878,11874,2,360,,
11878,12567,2,360,,
11878,8750,2,420,,
11878,8759,2,420,,
11879,11878,2,360,,
11879,12567,2,360,,
11879,1401,2,420,,
11879,8750,2,540,,
11879,8759,2,480,,
11882,10880,0,240,,
11882,10881,0,240,,
11882,11764,2,300,,
11882,11882,0,240,,
11882,5045,0,240,,
11882,5122,0,240,,
11882,5262,0,240,,
11882,5494,0,240,,
11882,5667,0,240,,
11882,5768,0,240,,
11882,5769,0,240,,
11882,5793,0,240,,
11882,5891,0,240,,
11882,6467,0,240,,
11882,8057,0,240,,
11882,8060,0,240,,
1190,1617,0,240,,
1190,1683,0,240,,
11903,11901,0,240,,
11903,11903,0,240,,
11903,12428,0,240,,
11906,2266,0,240,,
11906,2323,0,240,,
11909,2266,0,240,,
11909,2323,0,240,,
11911,11911,0,240,,
11911,1429,0,240,,
11911,1444,0,240,,
11929,11091,2,360,,
11929,4329,2,300,,
11929,4427,2,240,,
11929,4500,2,240,,
11932,6661,0,240,,
11932,8283,2,420,,
11932,8483,2,480,,
11940,11941,0,240,,
11940,11942,0,240,,
11940,11943,0,240,,
11940,12022,0,240,,
11940,12230,0,240,,
11940,12332,0,240,,
11940,8033,2,120,,
11949,11949,0,240,,
11949,11957,0,240,,
1195,1158,0,240,,
1195,1195,0,240,,
11958,11950,0,240,,
11958,12285,0,240,,
11959,11952,0,240,,
11962,7645,2,540,,
11964,9376,0,240,,
1198,665,0,240,,
1198,704,0,240,,
11998,11032,0,240,,
1202,1307,2,360,,
1202,1355,0,240,,
12020,11941,0,240,,
12020,11942,0,240,,
12020,11943,0,240,,
12020,12022,0,240,,
12020,12230,0,240,,
12020,12231,0,240,,
12020,12332,0,240,,
12020,8020,2,120,,
12026,10467,2,360,,
12026,10513,2,360,,
12026,11119,2,480,,
12036,10399,2,180,,
12036,11302,2,420,,
12036,11526,0,240,,
12036,12036,2,120,,
12036,4495,2,300,,
12036,4882,2,480,,
12036,77,0,240,,
12036,8035,2,600,,
12036,8041,2,420,,
12036,96,0,240,,
12043,7644,2,420,,
12046,12047,2,300,,
12054,10819,0,240,,
12054,10823,0,240,,
1206,785,2,300,,
1206,850,2,360,,
12063,12065,2,300,,
12063,12066,2,300,,
12064,12066,2,300,,
12065,12063,2,300,,
12065,12064,2,300,,
12066,12063,2,300,,
12066,12064,2,300,,
12080,13007,2,300,,
12122,4340,0,240,,
12134,12891,2,300,,
12134,797,0,240,,
12139,12139,0,240,,
12147,12227,0,240,,
12147,8672,0,240,,
12147,8676,0,240,,
12147,8685,0,240,,
12147,8687,0,240,,
12147,8688,0,240,,
12147,8689,0,240,,
12147,8690,0,240,,
12147,8691,0,240,,
12147,8746,0,240,,
12147,8755,0,240,,
12155,12155,0,240,,
12155,12695,2,300,,
12155,12916,2,300,,
12155,5042,0,240,,
12155,6468,0,240,,
12155,8059,0,240,,
12168,301,2,300,,
12168,646,0,240,,
12168,744,2,300,,
12172,12495,2,360,,
12172,2095,2,300,,
12173,5352,0,240,,
12173,7095,2,300,,
12173,7166,2,300,,
12173,7214,2,300,,
12173,7259,0,240,,
1218,2000,0,240,,
1218,2035,0,240,,
122,122,0,240,,
122,1276,2,300,,
122,1510,2,300,,
12204,7296,2,300,,
12205,12205,0,240,,
12205,6730,2,300,,
12205,6734,2,360,,
12206,12207,2,360,,
12207,12206,2,300,,
12207,12207,0,240,,
12207,12220,2,360,,
12207,6730,2,600,,
12209,12210,0,240,,
12209,12211,0,240,,
12209,12212,0,240,,
12209,12228,0,240,,
12209,12229,0,240,,
12209,3155,0,240,,
12209,3242,2,300,,
12213,12213,4,0,15472512,15472811
12213,12213,4,0,15472513,15472812
12213,12213,4,0,15472514,15472813
12213,12213,4,0,15472515,15472814
12213,12213,4,0,15472516,15472815
12213,12213,4,0,15472517,15472816
12213,12213,4,0,15472518,15472817
12213,12213,4,0,15472519,15472818
12213,12213,4,0,15472520,15472775
12213,12213,4,0,15472521,15472776
12213,12213,4,0,15472522,15472803
12213,12213,4,0,15472523,15472795
12213,12213,4,0,15472524,15472796
12213,12213,4,0,15472525,15472797
12213,12213,4,0,15472526,15472798
12213,12213,4,0,15472527,15472799
12213,12213,4,0,15472528,15472800
12213,12213,4,0,15472529,15472801
12213,12213,4,0,15472530,15472802
12213,12213,4,0,15472531,15472804
12213,12213,4,0,15472532,15472805
12213,12213,4,0,15472533,15472806
12213,12213,4,0,15472534,15472807
12213,12213,4,0,15472535,15472808
12213,12213,4,0,15472536,15472809
12213,12213,4,0,15472537,15472810
12213,12213,4,0,15472538,15472778
12213,12213,4,0,15472539,15472779
12213,12213,4,0,15472540,15472780
12213,12213,4,0,15472541,15472777
12213,12213,4,0,15472542,15472792
12213,12213,4,0,15472543,15472793
12213,12213,4,0,15472544,15472794
12213,12213,4,0,15472545,15472781
12213,12213,4,0,15472546,15472782
12213,12213,4,0,15472547,15472783
12213,12213,4,0,15472548,15472784
12213,12213,4,0,15472549,15472785
12213,12213,4,0,15472550,15472786
12213,12213,4,0,15472551,15472787
12213,12213,4,0,15472552,15472788
12213,12213,4,0,15472553,15472789
12213,12213,4,0,15472554,15472790
12213,12213,4,0,15472555,15472791
12213,12213,4,0,15472556,15472819
12213,12213,4,0,15472557,15472820
12213,12213,4,0,15472558,15472821
12213,12213,4,0,15472559,15472822
12213,12213,4,0,15472611,15472859
12213,12213,4,0,15472612,15472860
12213,12213,4,0,15472613,15472868
12213,12213,4,0,15472614,15472869
12213,12213,4,0,15472615,15472863
12213,12213,4,0,15472616,15472864
12213,12213,4,0,15472617,15472865
12213,12213,4,0,15472618,15472866
12213,12213,4,0,15472619,15472867
12213,12213,4,0,15472620,15472870
12213,12213,4,0,15472621,15472871
12213,12213,4,0,15472622,15472873
12213,12213,4,0,15472623,15472874
12213,12213,4,0,15472624,15472875
12213,12213,4,0,15472625,15472876
12213,12213,4,0,15472626,15472877
12213,12213,4,0,15472627,15472878
12213,12213,4,0,15472628,15472879
12213,12213,4,0,15472629,15472881
12213,12213,4,0,15472630,15472883
12213,12213,4,0,15472631,15472880
12213,12213,4,0,15472632,15472882
12213,12213,4,0,15472633,15472872
12213,12213,4,0,15472634,15472854
12213,12213,4,0,15472635,15472855
12213,12213,4,0,15472636,15472856
12213,12213,4,0,15472637,15472857
12213,12213,4,0,15472638,15472858
12213,12213,4,0,15472639,15472861
12213,12213,4,0,15472640,15472862
12213,12213,4,0,15472672,15472922
12213,12213,4,0,15472673,15472923
12213,12213,4,0,15472674,15472924
12213,12213,4,0,15472675,15472925
12213,12213,4,0,15472676,15472926
12213,12213,4,0,15472677,15472927
12213,12213,4,0,15472678,15472928
12213,12213,4,0,15472679,15472911
12213,12213,4,0,15472680,15472914
12213,12213,4,0,15472681,15472915
12213,12213,4,0,15472682,15472916
12213,12213,4,0,15472683,15472917
12213,12213,4,0,15472684,15472918
12213,12213,4,0,15472685,15472919
12213,12213,4,0,15472686,15472921
12213,12213,4,0,15472687,15472920
12213,12213,4,0,15472688,15472912
12213,12213,4,0,15472689,15472913
12213,12213,4,0,15472690,15472929
12213,12213,4,0,15472691,15472930
12213,12213,4,0,15472692,15472931
12213,12213,4,0,15472693,15472932
12213,12213,4,0,15472694,15472933
12213,12213,4,0,15472695,15472934
12213,12213,4,0,15472696,15472935
12214,12214,4,0,15472724,15472562
12214,12214,4,0,15472725,15472560
12214,12214,4,0,15472726,15472561
12214,12214,4,0,15472727,15472563
12214,12214,4,0,15472728,15472564
12214,12214,4,0,15472729,15472565
12214,12214,4,0,15472730,15472566
12214,12214,4,0,15472731,15472567
12214,12214,4,0,15472732,15472568
12214,12214,4,0,15472733,15472569
12214,12214,4,0,15472734,15472570
12214,12214,4,0,15472735,15472571
12214,12214,4,0,15472736,15472572
12214,12214,4,0,15472737,15472573
12214,12214,4,0,15472738,15472574
12214,12214,4,0,15472739,15472575
12214,12214,4,0,15472739,15472607
12214,12214,4,0,15472740,15472596
12214,12214,4,0,15472741,15472597
12214,12214,4,0,15472742,15472598
12214,12214,4,0,15472743,15472599
12214,12214,4,0,15472744,15472600
12214,12214,4,0,15472745,15472601
12214,12214,4,0,15472746,15472602
12214,12214,4,0,15472747,15472603
12214,12214,4,0,15472748,15472604
12214,12214,4,0,15472749,15472576
12214,12214,4,0,15472750,15472577
12214,12214,4,0,15472751,15472578
12214,12214,4,0,15472752,15472579
12214,12214,4,0,15472753,15472580
12214,12214,4,0,15472754,15472581
12214,12214,4,0,15472755,15472582
12214,12214,4,0,15472756,15472583
12214,12214,4,0,15472757,15472584
12214,12214,4,0,15472758,15472585
12214,12214,4,0,15472759,15472586
12214,12214,4,0,15472760,15472587
12214,12214,4,0,15472761,15472588
12214,12214,4,0,15472762,15472589
12214,12214,4,0,15472763,15472590
12214,12214,4,0,15472764,15472591
12214,12214,4,0,15472765,15472592
12214,12214,4,0,15472766,15472593
12214,12214,4,0,15472767,15472594
12214,12214,4,0,15472768,15472595
12214,12214,4,0,15472769,15472605
12214,12214,4,0,15472770,15472606
12214,12214,4,0,15472771,15472608
12214,12214,4,0,15472773,15472609
12214,12214,4,0,15472774,15472610
12214,12214,4,0,15472823,15472644
12214,12214,4,0,15472824,15472645
12214,12214,4,0,15472825,15472646
12214,12214,4,0,15472826,15472647
12214,12214,4,0,15472827,15472648
12214,12214,4,0,15472828,15472649
12214,12214,4,0,15472829,15472650
12214,12214,4,0,15472830,15472651
12214,12214,4,0,15472831,15472652
12214,12214,4,0,15472832,15472671
12214,12214,4,0,15472833,15472653
12214,12214,4,0,15472834,15472641
12214,12214,4,0,15472835,15472642
12214,12214,4,0,15472836,15472643
12214,12214,4,0,15472837,15472654
12214,12214,4,0,15472838,15472655
12214,12214,4,0,15472839,15472656
12214,12214,4,0,15472840,15472657
12214,12214,4,0,15472841,15472658
12214,12214,4,0,15472842,15472659
12214,12214,4,0,15472843,15472666
12214,12214,4,0,15472844,15472667
12214,12214,4,0,15472845,15472660
12214,12214,4,0,15472846,15472661
12214,12214,4,0,15472847,15472662
12214,12214,4,0,15472848,15472663
12214,12214,4,0,15472849,15472664
12214,12214,4,0,15472850,15472665
12214,12214,4,0,15472851,15472668
12214,12214,4,0,15472852,15472669
12214,12214,4,0,15472853,15472670
12214,12214,4,0,15472884,15472704
12214,12214,4,0,15472885,15472705
12214,12214,4,0,15472886,15472706
12214,12214,4,0,15472887,15472707
12214,12214,4,0,15472888,15472708
12214,12214,4,0,15472889,15472709
12214,12214,4,0,15472890,15472711
12214,12214,4,0,15472891,15472713
12214,12214,4,0,15472892,15472710
12214,12214,4,0,15472893,15472712
12214,12214,4,0,15472894,15472714
12214,12214,4,0,15472895,15472697
12214,12214,4,0,15472896,15472698
12214,12214,4,0,15472897,15472699
12214,12214,4,0,15472898,15472700
12214,12214,4,0,15472899,15472701
12214,12214,4,0,15472900,15472702
12214,12214,4,0,15472901,15472703
12214,12214,4,0,15472902,15472715
12214,12214,4,0,15472903,15472716
12214,12214,4,0,15472904,15472717
12214,12214,4,0,15472905,15472718
12214,12214,4,0,15472906,15472719
12214,12214,4,0,15472907,15472720
12214,12214,4,0,15472908,15472721
12214,12214,4,0,15472909,15472722
12214,12214,4,0,15472910,15472723
12214,12214,4,0,15525340,15525339
12217,12217,4,0,15475786,15475822
12217,12217,4,0,15475787,15475823
12217,12217,4,0,15475788,15475824
12217,12217,4,0,15475789,15475825
12217,12217,4,0,15475790,15475826
12217,12217,4,0,15475791,15475827
12217,12217,4,0,15475792,15475828
12217,12217,4,0,15475793,15475829
12217,12217,4,0,15475794,15475830
12217,12217,4,0,15475795,15475831
12217,12217,4,0,15475796,15475832
12217,12217,4,0,15475797,15475833
12217,12217,4,0,15475798,15475834
12217,12217,4,0,15475799,15475835
12217,12217,4,0,15475800,15475836
12217,12217,4,0,15475801,15475837
12217,12217,4,0,15475802,15475838
12217,12217,4,0,15475803,15475839
12217,12217,4,0,15475804,15475840
12217,12217,4,0,15475805,15475841
12217,12217,4,0,15475806,15475842
12217,12217,4,0,15475807,15475843
12217,12217,4,0,15475808,15475844
12217,12217,4,0,15475809,15475845
12217,12217,4,0,15475810,15475846
12217,12217,4,0,15475811,15475847
12217,12217,4,0,15475812,15475848
12217,12217,4,0,15475813,15475849
12217,12217,4,0,15475814,15475850
12217,12217,4,0,15475815,15475851
12217,12217,4,0,15475816,15475852
12217,12217,4,0,15475817,15475853
12217,12217,4,0,15475818,15475854
12217,12217,4,0,15475819,15475855
12217,12217,4,0,15475820,15475856
12217,12217,4,0,15475821,15475857
12217,12217,4,0,15475858,15475892
12217,12217,4,0,15475859,15475893
12217,12217,4,0,15475860,15475894
12217,12217,4,0,15475861,15475895
12217,12217,4,0,15475862,15475896
12217,12217,4,0,15475863,15475897
12217,12217,4,0,15475864,15475898
12217,12217,4,0,15475865,15475899
12217,12217,4,0,15475866,15475900
12217,12217,4,0,15475867,15475901
12217,12217,4,0,15475868,15475902
12217,12217,4,0,15475869,15475903
12217,12217,4,0,15475870,15475904
12217,12217,4,0,15475871,15475905
12217,12217,4,0,15475872,15475906
12217,12217,4,0,15475873,15475907
12217,12217,4,0,15475874,15475908
12217,12217,4,0,15475875,15475909
12217,12217,4,0,15475876,15475910
12217,12217,4,0,15475877,15475911
12217,12217,4,0,15475878,15475912
12217,12217,4,0,15475879,15475913
12217,12217,4,0,15475880,15475914
12217,12217,4,0,15475881,15475915
12217,12217,4,0,15475882,15475916
12217,12217,4,0,15475883,15475917
12217,12217,4,0,15475884,15475918
12217,12217,4,0,15475885,15475919
12217,12217,4,0,15475886,15475920
12217,12217,4,0,15475887,15475921
12217,12217,4,0,15475888,15475922
12217,12217,4,0,15475889,15475923
12217,12217,4,0,15475890,15475924
12217,12217,4,0,15475891,15475925
12217,12217,4,0,15475926,15475981
12217,12217,4,0,15475927,15475957
12217,12217,4,0,15475928,15475958
12217,12217,4,0,15475929,15475959
12217,12217,4,0,15475930,15475960
12217,12217,4,0,15475931,15475961
12217,12217,4,0,15475932,15475962
12217,12217,4,0,15475933,15475963
12217,12217,4,0,15475934,15475964
12217,12217,4,0,15475935,15475968
12217,12217,4,0,15475936,15475969
12217,12217,4,0,15475937,15475970
12217,12217,4,0,15475938,15475971
12217,12217,4,0,15475939,15475972
12217,12217,4,0,15475940,15475973
12217,12217,4,0,15475941,15475974
12217,12217,4,0,15475942,15475975
12217,12217,4,0,15475943,15475976
12217,12217,4,0,15475944,15475977
12217,12217,4,0,15475945,15475978
12217,12217,4,0,15475946,15475979
12217,12217,4,0,15475947,15475980
12217,12217,4,0,15475948,15475982
12217,12217,4,0,15475949,15475983
12217,12217,4,0,15475950,15475984
12217,12217,4,0,15475951,15475965
12217,12217,4,0,15475952,15475966
12217,12217,4,0,15475953,15475967
12217,12217,4,0,15475954,15475985
12217,12217,4,0,15475955,15475986
12217,12217,4,0,15475956,15475987
12220,12206,2,120,,
12227,8656,0,240,,
12227,8672,0,240,,
12227,8676,0,240,,
12227,8685,0,240,,
12227,8687,0,240,,
12227,8688,0,240,,
12227,8689,0,240,,
12227,8690,0,240,,
12227,8691,0,240,,
12227,8755,2,300,,
12228,12210,0,240,,
12228,12211,0,240,,
12228,12212,0,240,,
12228,3155,0,240,,
12228,3242,2,300,,
12229,12210,0,240,,
12229,12211,0,240,,
12229,12212,0,240,,
12229,3155,0,240,,
12230,11940,0,240,,
12230,11941,0,240,,
12230,11942,0,240,,
12230,11943,0,240,,
12230,12320,0,240,,
12231,11940,0,240,,
12231,11941,0,240,,
12231,11942,0,240,,
12231,11943,0,240,,
12231,12020,0,240,,
12231,12022,0,240,,
12231,12319,0,240,,
12231,12320,0,240,,
12231,12332,0,240,,
12232,11308,2,360,,
12232,12240,0,240,,
12232,12241,0,240,,
12232,12242,2,300,,
12233,11308,2,360,,
12233,12240,2,300,,
12233,12242,2,300,,
12234,11229,0,240,,
12234,12321,0,240,,
12234,12322,0,240,,
12234,12647,0,240,,
12234,3053,0,240,,
12234,3067,0,240,,
12234,3195,0,240,,
12234,3204,0,240,,
12234,3334,0,240,,
12234,3394,0,240,,
12234,3533,0,240,,
12234,3769,0,240,,
12234,3904,0,240,,
12234,3927,0,240,,
12234,7643,0,240,,
12235,11229,0,240,,
12235,12321,0,240,,
12235,12647,0,240,,
12235,3053,0,240,,
12235,3067,0,240,,
12235,3195,0,240,,
12235,3204,0,240,,
12235,3334,0,240,,
12235,3394,0,240,,
12235,3533,0,240,,
12235,3769,0,240,,
12235,3904,0,240,,
12235,3906,0,240,,
12235,3927,0,240,,
12235,7643,0,240,,
12239,12208,0,240,,
12240,12233,2,300,,
12241,12232,0,240,,
12241,12233,0,240,,
12241,12240,2,360,,
12242,12233,2,360,,
12242,12242,0,240,,
12264,3984,0,240,,
12264,9178,0,240,,
12267,3315,2,300,,
12267,3331,0,240,,
12272,3315,2,300,,
12272,3331,0,240,,
12277,3314,2,300,,
12277,3333,0,240,,
12291,3633,2,300,,
12291,3656,2,300,,
12293,7167,2,300,,
1231,11588,0,240,,
1231,11589,0,240,,
1231,11606,0,240,,
1231,8044,2,300,,
1231,8073,2,300,,
1231,8754,2,300,,
1231,8763,2,300,,
12318,12857,2,300,,
12318,1387,2,300,,
12318,1482,0,240,,
12318,1709,0,240,,
12318,2742,2,300,,
12318,8139,0,240,,
12318,963,0,240,,
12330,415,2,300,,
12331,12823,2,420,,
12331,4494,2,420,,
12345,3376,0,240,,
12348,1013,2,300,,
12348,11429,0,240,,
12349,10827,2,300,,
12349,4065,2,360,,
12375,12375,0,240,,
12375,8535,2,300,,
12381,12381,4,0,15499942,15499978
12381,12381,4,0,15499943,15499979
12381,12381,4,0,15499944,15499980
12381,12381,4,0,15499945,15499981
12381,12381,4,0,15499946,15499982
12381,12381,4,0,15499947,15499983
12381,12381,4,0,15499948,15499984
12381,12381,4,0,15499949,15499985
12381,12381,4,0,15499950,15499986
12381,12381,4,0,15499951,15499987
12381,12381,4,0,15499952,15499988
12381,12381,4,0,15499953,15499989
12381,12381,4,0,15499954,15499990
12381,12381,4,0,15499955,15499991
12381,12381,4,0,15499956,15499992
12381,12381,4,0,15499957,15499993
12381,12381,4,0,15499958,15499994
12381,12381,4,0,15499959,15499995
12381,12381,4,0,15499960,15499996
12381,12381,4,0,15499961,15499972
12381,12381,4,0,15499962,15499973
12381,12381,4,0,15499963,15499974
12381,12381,4,0,15499964,15499975
12381,12381,4,0,15499965,15499976
12381,12381,4,0,15499966,15499977
12381,12381,4,0,15499967,15499997
12381,12381,4,0,15499968,15499998
12381,12381,4,0,15499969,15499999
12381,12381,4,0,15499970,15499979
12381,12381,4,0,15499971,15500000
12381,12381,4,0,15500001,15500021
12381,12381,4,0,15500002,15500022
12381,12381,4,0,15500003,15500023
12381,12381,4,0,15500004,15500024
12381,12381,4,0,15500005,15500025
12381,12381,4,0,15500006,15500026
12381,12381,4,0,15500007,15500027
12381,12381,4,0,15500008,15500028
12381,12381,4,0,15500009,15500030
12381,12381,4,0,15500010,15500031
12381,12381,4,0,15500011,15500032
12381,12381,4,0,15500012,15500033
12381,12381,4,0,15500013,15500034
12381,12381,4,0,15500014,15500035
12381,12381,4,0,15500015,15500036
12381,12381,4,0,15500016,15500037
12381,12381,4,0,15500017,15500038
12381,12381,4,0,15500018,15500039
12381,12381,4,0,15500019,15500040
12381,12381,4,0,15500020,15500029
12381,12381,4,0,15500041,15500066
12381,12381,4,0,15500042,15500067
12381,12381,4,0,15500043,15500068
12381,12381,4,0,15500044,15500069
12381,12381,4,0,15500045,15500070
12381,12381,4,0,15500046,15500071
12381,12381,4,0,15500047,15500072
12381,12381,4,0,15500048,15500073
12381,12381,4,0,15500049,15500074
12381,12381,4,0,15500050,15500075
12381,12381,4,0,15500051,15500076
12381,12381,4,0,15500052,15500077
12381,12381,4,0,15500053,15500078
12381,12381,4,0,15500054,15500060
12381,12381,4,0,15500055,15500061
12381,12381,4,0,15500056,15500062
12381,12381,4,0,15500057,15500063
12381,12381,4,0,15500058,15500064
12381,12381,4,0,15500059,15500065
12382,12382,4,0,15500197,15500242
12382,12382,4,0,15500198,15500243
12382,12382,4,0,15500199,15500244
12382,12382,4,0,15500200,15500245
12382,12382,4,0,15500201,15500246
12382,12382,4,0,15500202,15500248
12382,12382,4,0,15500203,15500250
12382,12382,4,0,15500204,15500249
12382,12382,4,0,15500205,15500251
12382,12382,4,0,15500206,15500252
12382,12382,4,0,15500207,15500253
12382,12382,4,0,15500208,15500254
12382,12382,4,0,15500209,15500255
12382,12382,4,0,15500210,15500256
12382,12382,4,0,15500211,15500231
12382,12382,4,0,15500212,15500232
12382,12382,4,0,15500213,15500233
12382,12382,4,0,15500214,15500247
12382,12382,4,0,15500215,15500235
12382,12382,4,0,15500216,15500236
12382,12382,4,0,15500217,15500237
12382,12382,4,0,15500218,15500238
12382,12382,4,0,15500219,15500241
12382,12382,4,0,15500220,15500239
12382,12382,4,0,15500221,15500240
12382,12382,4,0,15500223,15500257
12382,12382,4,0,15500224,15500258
12382,12382,4,0,15500225,15500259
12382,12382,4,0,15500226,15500234
12382,12382,4,0,15500227,15500260
12382,12382,4,0,15500228,15500261
12382,12382,4,0,15500229,15500262
12382,12382,4,0,15500230,15500262
12382,12382,4,0,15500263,15500296
12382,12382,4,0,15500264,15500297
12382,12382,4,0,15500265,15500298
12382,12382,4,0,15500266,15500299
12382,12382,4,0,15500267,15500300
12382,12382,4,0,15500268,15500301
12382,12382,4,0,15500269,15500302
12382,12382,4,0,15500270,15500283
12382,12382,4,0,15500271,15500284
12382,12382,4,0,15500272,15500285
12382,12382,4,0,15500273,15500286
12382,12382,4,0,15500274,15500287
12382,12382,4,0,15500275,15500288
12382,12382,4,0,15500276,15500289
12382,12382,4,0,15500277,15500290
12382,12382,4,0,15500278,15500291
12382,12382,4,0,15500279,15500292
12382,12382,4,0,15500280,15500293
12382,12382,4,0,15500281,15500294
12382,12382,4,0,15500282,15500295
12382,12382,4,0,15500303,15500335
12382,12382,4,0,15500304,15500324
12382,12382,4,0,15500305,15500325
12382,12382,4,0,15500306,15500326
12382,12382,4,0,15500307,15500327
12382,12382,4,0,15500308,15500328
12382,12382,4,0,15500309,15500329
12382,12382,4,0,15500310,15500330
12382,12382,4,0,15500311,15500331
12382,12382,4,0,15500312,15500332
12382,12382,4,0,15500313,15500333
12382,12382,4,0,15500314,15500334
12382,12382,4,0,15500315,15500336
12382,12382,4,0,15500316,15500337
12382,12382,4,0,15500317,15500338
12382,12382,4,0,15500318,15500339
12382,12382,4,0,15500319,15500340
12382,12382,4,0,15500320,15500322
12382,12382,4,0,15500321,15500323
12386,11739,2,300,,
12392,12886,2,300,,
12392,12888,2,300,,
12395,6095,2,300,,
12406,1173,2,300,,
12406,12109,2,300,,
12406,12405,0,240,,
12406,12409,0,240,,
12406,12410,2,300,,
12406,12411,2,360,,
12406,2414,2,300,,
12406,2523,2,300,,
12406,2671,2,300,,
12406,2761,2,300,,
12406,2833,2,300,,
12406,8049,0,240,,
12406,8068,0,240,,
12409,1173,2,300,,
12409,12405,0,240,,
12409,12409,0,240,,
12409,12410,0,240,,
12409,12411,0,240,,
12409,2016,2,300,,
12409,2414,2,300,,
12409,2523,2,300,,
12409,2671,0,240,,
12409,2761,2,300,,
12409,2833,0,240,,
12409,8049,0,240,,
12409,8068,0,240,,
12411,12405,2,300,,
12411,12409,2,300,,
12411,12410,2,300,,
12411,8049,2,300,,
12411,8068,2,300,,
1242,2739,2,300,,
1242,437,2,600,,
1242,951,0,240,,
12427,12427,0,240,,
12437,7106,2,360,,
12437,7108,2,300,,
12437,7140,0,240,,
1244,2739,2,300,,
12464,12464,0,240,,
12478,10148,2,300,,
12478,9547,2,300,,
12497,12497,0,240,,
12497,5382,2,300,,
12498,12498,0,240,,
12498,7658,0,240,,
12498,7727,0,240,,
12498,7743,0,240,,
12498,7827,0,240,,
12498,8024,2,120,,
12498,8029,2,120,,
12499,12499,0,240,,
12516,11331,2,360,,
12516,13056,2,300,,
12535,1016,2,120,,
12535,11272,2,360,,
12535,11706,2,360,,
12535,12535,0,240,,
12535,4494,2,300,,
12535,4495,2,300,,
12535,4883,2,420,,
12535,8041,2,480,,
12535,9129,0,240,,
12535,985,0,240,,
12536,12536,0,240,,
1254,1079,0,240,,
1254,1130,0,240,,
1254,12667,2,300,,
1254,709,0,240,,
12546,6734,2,300,,
12548,11087,2,300,,
12548,11088,2,300,,
12548,11278,2,360,,
12548,12764,2,300,,
12556,695,2,300,,
12556,8045,2,300,,
12556,8072,2,300,,
12567,11697,2,540,,
12567,11874,2,300,,
12567,11876,2,300,,
12567,12567,0,240,,
12567,8750,2,300,,
12567,8759,2,300,,
1258,2000,0,240,,
1258,2035,0,240,,
12580,7768,0,240,,
12580,7777,0,240,,
12580,8025,2,120,,
12580,8028,2,120,,
12586,11282,2,300,,
12586,11283,2,300,,
12586,12975,2,360,,
12586,627,2,360,,
12596,12581,2,360,,
12600,11792,2,420,,
12600,11793,2,420,,
12600,11794,2,420,,
12600,12057,2,300,,
12600,12358,0,240,,
12600,12359,0,240,,
12600,12360,2,300,,
12600,12361,2,300,,
12600,12362,0,240,,
12600,12363,0,240,,
12602,181,2,300,,
12625,301,2,300,,
12625,378,2,360,,
12625,646,2,300,,
12626,12168,0,240,,
12626,12625,2,360,,
12626,301,2,360,,
12626,646,2,300,,
12631,1031,2,300,,
12631,1116,2,300,,
12636,12639,2,360,,
12636,7745,2,300,,
12636,7804,2,300,,
12637,10300,2,300,,
12637,10308,2,300,,
12639,12639,0,240,,
12640,12640,0,240,,
12650,9720,0,240,,
1266,2225,2,360,,
12664,155,2,300,,
12664,256,0,240,,
12665,1160,2,300,,
12665,1186,2,300,,
12665,1187,2,360,,
12665,12666,2,360,,
12666,1160,2,300,,
12666,1186,2,300,,
12666,1187,0,240,,
12666,12666,0,240,,
12667,1079,0,240,,
12667,1130,2,300,,
12667,1254,2,300,,
12667,12667,0,240,,
12667,659,2,300,,
12667,709,0,240,,
12668,12134,2,300,,
12668,12668,0,240,,
12668,650,2,300,,
12668,718,0,240,,
12668,797,2,300,,
12669,13043,2,300,,
12669,761,2,300,,
12671,12663,2,300,,
12671,12671,0,240,,
12671,297,0,240,,
12671,381,2,300,,
12672,13043,2,300,,
12672,761,0,240,,
12673,10893,2,300,,
12681,12375,2,360,,
12681,4496,2,420,,
12681,8040,2,360,,
12681,8535,2,300,,
12681,9128,2,420,,
12682,12686,2,360,,
12682,12687,2,300,,
12682,4186,2,300,,
12683,11639,2,300,,
12686,4212,2,360,,
12693,10865,0,240,,
12693,10866,2,120,,
12693,10867,0,240,,
12693,4242,0,240,,
12693,4459,0,240,,
12693,4471,0,240,,
12693,4568,0,240,,
12693,8037,0,240,,
12693,989,0,240,,
12696,4830,2,300,,
12716,11243,2,300,,
12716,11247,2,360,,
12716,11295,2,300,,
12716,11707,2,300,,
12716,12716,0,240,,
12716,6512,2,300,,
12716,6753,0,240,,
12717,11243,2,300,,
12717,11247,2,360,,
12717,11295,2,300,,
12717,11707,2,300,,
12717,12716,0,240,,
12717,6512,2,300,,
12717,6753,0,240,,
12721,11403,2,300,,
12721,329,2,300,,
12721,9136,0,240,,
12735,12735,0,240,,
12735,12736,0,240,,
12736,12735,0,240,,
12738,12738,0,240,,
1276,122,2,300,,
1276,1510,2,300,,
12760,142,2,300,,
12760,2153,2,300,,
12761,12761,0,240,,
12764,11227,2,360,,
12764,11278,2,360,,
12764,11279,2,300,,
12764,12548,2,300,,
12764,12764,0,240,,
12764,12960,2,300,,
12791,12791,0,240,,
12791,9136,2,480,,
12793,10886,0,240,,
12793,10887,0,240,,
12793,10888,0,240,,
12793,10889,0,240,,
12793,10890,0,240,,
12793,10892,0,240,,
12793,12655,0,240,,
12793,12793,0,240,,
12794,12794,0,240,,
12794,4961,2,300,,
12794,4962,2,300,,
12794,4972,2,300,,
12804,11475,2,480,,
12810,12810,0,240,,
12815,12815,0,240,,
12816,361,2,300,,
12818,10814,2,300,,
12818,179,2,360,,
12826,12826,0,240,,
12826,12827,2,300,,
12826,1393,2,300,,
12826,1394,0,240,,
12826,1858,2,300,,
12827,10071,2,300,,
12827,12826,2,300,,
12827,1393,2,300,,
12827,1394,2,300,,
12857,12318,2,300,,
12857,12857,0,240,,
12857,1482,0,240,,
12857,1709,0,240,,
12857,2742,0,240,,
12857,8139,2,300,,
12857,963,2,300,,
12867,959,2,300,,
12873,1327,2,480,,
12873,1329,0,240,,
12873,1337,2,540,,
12873,7025,2,300,,
12886,12392,2,300,,
12888,12392,2,300,,
12891,12134,2,300,,
12891,12668,2,300,,
12891,650,0,240,,
12891,717,0,240,,
12891,718,2,300,,
12898,12900,0,240,,
12898,12901,0,240,,
12898,12902,0,240,,
12898,12950,0,240,,
12898,12951,0,240,,
12898,12952,0,240,,
12898,12953,0,240,,
12898,12954,0,240,,
12898,12955,0,240,,
12898,12956,0,240,,
12898,12957,0,240,,
12900,12900,0,240,,
12900,12901,0,240,,
12900,12902,0,240,,
12900,12950,0,240,,
12900,12952,0,240,,
12900,12955,0,240,,
12900,12956,0,240,,
12900,12957,0,240,,
12901,12900,0,240,,
12901,12901,0,240,,
12901,12902,0,240,,
12901,12950,0,240,,
12901,12951,0,240,,
12901,12952,0,240,,
12901,12953,0,240,,
12901,12954,0,240,,
12901,12955,0,240,,
12901,12956,0,240,,
12901,12957,0,240,,
12902,12900,0,240,,
12902,12901,0,240,,
12902,12902,0,240,,
12902,12950,0,240,,
12902,12951,0,240,,
12902,12952,0,240,,
12902,12953,0,240,,
12902,12954,0,240,,
12902,12955,0,240,,
12902,12956,0,240,,
12902,12957,0,240,,
12935,3218,2,300,,
12938,5065,2,360,,
12939,4846,2,300,,
12943,4961,2,300,,
12943,4972,2,300,,
12944,5557,2,300,,
12944,5628,2,360,,
12945,5557,2,360,,
12945,5628,2,360,,
12946,8366,0,240,,
12946,8367,0,240,,
12946,8368,2,360,,
12946,8412,0,240,,
12946,8417,2,360,,
12947,8366,0,240,,
12947,8367,0,240,,
12947,8368,2,360,,
12947,8412,0,240,,
12947,8417,2,360,,
12950,12900,0,240,,
12950,12901,0,240,,
12950,12952,0,240,,
12950,12955,0,240,,
12950,12956,0,240,,
12950,12957,0,240,,
12951,12900,0,240,,
12951,12901,0,240,,
12951,12902,0,240,,
12951,12950,0,240,,
12951,12951,0,240,,
12951,12952,0,240,,
12951,12953,0,240,,
12951,12954,0,240,,
12951,12955,0,240,,
12951,12956,0,240,,
12951,12957,0,240,,
12952,12900,0,240,,
12952,12901,0,240,,
12952,12902,0,240,,
12952,12950,0,240,,
12952,12951,0,240,,
12952,12953,0,240,,
12952,12954,0,240,,
12952,12955,0,240,,
12952,12956,0,240,,
12952,12957,0,240,,
12955,12900,0,240,,
12955,12901,0,240,,
12955,12902,0,240,,
12955,12950,0,240,,
12955,12951,0,240,,
12955,12952,0,240,,
12955,12953,0,240,,
12955,12954,0,240,,
12955,12955,0,240,,
12955,12956,0,240,,
12955,12957,0,240,,
12956,12900,0,240,,
12956,12901,0,240,,
12956,12902,0,240,,
12956,12950,0,240,,
12956,12951,0,240,,
12956,12952,0,240,,
12956,12953,0,240,,
12956,12954,0,240,,
12956,12955,0,240,,
12956,12956,0,240,,
12956,12957,0,240,,
12958,11016,2,180,,
12958,114,0,240,,
12960,11087,2,420,,
12960,11088,2,300,,
12960,11278,2,300,,
12960,11279,2,300,,
12960,12764,2,300,,
12963,11697,2,600,,
12963,11874,2,360,,
12963,11876,2,300,,
12963,12567,2,300,,
12963,8750,2,360,,
12963,8759,2,360,,
12971,12971,0,240,,
12972,12972,0,240,,
12972,1875,0,240,,
12975,11283,2,360,,
12975,11354,2,360,,
12975,12586,2,360,,
12975,160,2,300,,
12982,667,0,240,,
12982,702,0,240,,
1300,10374,2,420,,
1300,10926,2,480,,
13003,10966,2,360,,
13003,10967,2,360,,
13007,11292,2,300,,
13007,11293,2,300,,
13007,6630,2,360,,
1301,892,0,240,,
1301,9051,0,240,,
1301,924,0,240,,
13013,11704,0,240,,
13013,5436,0,240,,
13013,5542,2,300,,
13013,5543,2,420,,
13013,6139,0,240,,
13013,6174,0,240,,
13013,6195,2,420,,
13013,6340,2,300,,
13013,8854,0,240,,
13016,13016,4,0,15487377,15487406
13016,13016,4,0,15487378,15487407
13016,13016,4,0,15487379,15487408
13016,13016,4,0,15487380,15487409
13016,13016,4,0,15487381,15487410
13016,13016,4,0,15487382,15487411
13016,13016,4,0,15487383,15487412
13016,13016,4,0,15487384,15487413
13016,13016,4,0,15487385,15487414
13016,13016,4,0,15487386,15487415
13016,13016,4,0,15487387,15487416
13016,13016,4,0,15487388,15487417
13016,13016,4,0,15487389,15487418
13016,13016,4,0,15487390,15487419
13016,13016,4,0,15487391,15487420
13016,13016,4,0,15487392,15487421
13016,13016,4,0,15487393,15487422
13016,13016,4,0,15487394,15487423
13016,13016,4,0,15487395,15487424
13016,13016,4,0,15487396,15487425
13016,13016,4,0,15487397,15487426
13016,13016,4,0,15487398,15487427
13016,13016,4,0,15487399,15487428
13016,13016,4,0,15487400,15487429
13016,13016,4,0,15487401,15487430
13016,13016,4,0,15487402,15487431
13016,13016,4,0,15487403,15487432
13016,13016,4,0,15487404,15487433
13016,13016,4,0,15487405,15487434
13016,13016,4,0,15487435,15487460
13016,13016,4,0,15487436,15487461
13016,13016,4,0,15487437,15487462
13016,13016,4,0,15487438,15487463
13016,13016,4,0,15487439,15487464
13016,13016,4,0,15487440,15487465
13016,13016,4,0,15487441,15487466
13016,13016,4,0,15487442,15487467
13016,13016,4,0,15487443,15487468
13016,13016,4,0,15487444,15487469
13016,13016,4,0,15487445,15487470
13016,13016,4,0,15487446,15487471
13016,13016,4,0,15487447,15487472
13016,13016,4,0,15487448,15487473
13016,13016,4,0,15487449,15487474
13016,13016,4,0,15487450,15487475
13016,13016,4,0,15487451,15487476
13016,13016,4,0,15487452,15487477
13016,13016,4,0,15487453,15487478
13016,13016,4,0,15487454,15487479
13016,13016,4,0,15487455,15487480
13016,13016,4,0,15487456,15487481
13016,13016,4,0,15487457,15487482
13016,13016,4,0,15487458,15487483
13016,13016,4,0,15487459,15487484
13016,13016,4,0,15487485,15487508
13016,13016,4,0,15487486,15487509
13016,13016,4,0,15487487,15487510
13016,13016,4,0,15487488,15487511
13016,13016,4,0,15487489,15487512
13016,13016,4,0,15487490,15487513
13016,13016,4,0,15487491,15487514
13016,13016,4,0,15487492,15487515
13016,13016,4,0,15487493,15487516
13016,13016,4,0,15487494,15487517
13016,13016,4,0,15487495,15487518
13016,13016,4,0,15487496,15487519
13016,13016,4,0,15487497,15487520
13016,13016,4,0,15487498,15487521
13016,13016,4,0,15487499,15487522
13016,13016,4,0,15487500,15487523
13016,13016,4,0,15487501,15487524
13016,13016,4,0,15487502,15487525
13016,13016,4,0,15487503,15487526
13016,13016,4,0,15487504,15487527
13016,13016,4,0,15487505,15487528
13016,13016,4,0,15487506,15487529
13016,13016,4,0,15487507,15487530
13018,5975,0,240,,
13037,10569,2,300,,
13037,3723,2,480,,
13039,76,2,540,,
13039,9307,2,300,,
13043,12669,0,240,,
13043,12672,2,300,,
13043,195,2,300,,
13043,811,2,300,,
13044,5298,2,300,,
13047,5975,2,120,,
13052,5776,2,300,,
13054,11204,0,240,,
13054,2325,0,240,,
13056,12516,2,360,,
13069,12777,2,300,,
13069,13069,0,240,,
1307,1151,2,360,,
1307,1202,2,360,,
1307,1355,0,240,,
13075,3159,2,180,,
13077,11292,2,300,,
13077,11293,2,360,,
13077,11387,2,360,,
13077,11388,2,300,,
13077,6630,2,300,,
1308,1576,0,240,,
13101,13101,0,240,,
13101,4608,0,240,,
13106,358,0,240,,
13106,359,0,240,,
1312,11007,0,240,,
1312,11011,0,240,,
13121,1143,2,300,,
13121,176,2,360,,
13121,240,2,420,,
13121,8622,2,300,,
13122,1244,2,300,,
13126,10400,0,240,,
13126,11302,2,300,,
13126,11438,2,360,,
13126,11526,2,300,,
13126,11535,2,420,,
13126,11616,0,240,,
13126,11706,2,420,,
13126,13126,0,240,,
13126,4495,2,420,,
13126,4881,2,360,,
13126,77,0,240,,
13126,8041,2,420,,
1316,655,0,240,,
1316,713,0,240,,
1320,1320,0,240,,
1320,1343,2,300,,
1320,1996,0,240,,
1320,2039,0,240,,
1327,12873,2,480,,
1327,1327,0,240,,
1327,2160,2,600,,
1327,2227,2,540,,
1329,12873,0,240,,
1329,2160,2,300,,
1329,2227,0,240,,
1329,7025,2,360,,
1330,1330,0,240,,
1334,6958,2,480,,
1334,6992,2,480,,
1336,1336,0,240,,
1337,12873,2,540,,
1337,1337,0,240,,
1337,2160,2,600,,
1337,2227,2,480,,
1340,1340,0,240,,
1343,1996,0,240,,
1343,2039,2,300,,
1347,655,0,240,,
1347,713,0,240,,
1350,11007,0,240,,
1350,11011,0,240,,
1354,1355,0,240,,
1354,1576,0,240,,
1355,1151,0,240,,
1355,1202,0,240,,
1355,1307,0,240,,
1355,1354,0,240,,
1361,892,0,240,,
1361,9051,0,240,,
1361,924,0,240,,
1362,10374,2,480,,
1362,10926,2,480,,
1387,12318,2,300,,
1387,1387,0,240,,
1387,1482,0,240,,
1387,1709,0,240,,
1387,2742,0,240,,
1387,8139,2,300,,
1387,963,2,300,,
1391,12777,2,300,,
1391,13069,2,300,,
1391,1391,0,240,,
1391,2769,0,240,,
1393,1393,0,240,,
1393,1394,2,360,,
1401,11697,2,540,,
1401,11874,2,360,,
1401,11876,2,300,,
1401,1401,0,240,,
1401,8750,2,360,,
1401,8759,2,360,,
1409,1462,0,240,,
1410,2553,0,240,,
1410,9125,0,240,,
1411,1411,0,240,,
1413,1413,0,240,,
1413,3101,2,300,,
1423,2472,0,240,,
1423,8644,0,240,,
1429,11911,0,240,,
1429,2326,0,240,,
1430,11682,2,300,,
1430,2263,0,240,,
1442,11682,0,240,,
1442,1442,0,240,,
1442,2263,0,240,,
1443,1430,2,300,,
1443,1443,0,240,,
1444,11911,0,240,,
1444,2326,0,240,,
1451,2472,2,300,,
1457,1416,0,240,,
1457,1457,0,240,,
1457,2788,0,240,,
1459,1413,2,360,,
1461,2553,0,240,,
1461,9125,0,240,,
1469,1557,2,300,,
1478,1478,0,240,,
1482,12318,0,240,,
1482,12857,0,240,,
1482,1387,0,240,,
1482,1482,0,240,,
1482,1709,0,240,,
1482,2742,0,240,,
1482,8139,0,240,,
1482,963,0,240,,
1487,1487,0,240,,
1509,124,0,240,,
151,1988,0,240,,
151,2047,2,300,,
1510,122,2,300,,
1510,1276,2,300,,
1514,1039,0,240,,
1514,1108,0,240,,
1519,210,0,240,,
1519,9124,0,240,,
1522,341,2,300,,
1522,460,0,240,,
1525,10799,0,240,,
1525,11280,2,300,,
1525,11281,2,300,,
1525,423,0,240,,
1530,169,0,240,,
1530,248,0,240,,
1533,789,0,240,,
1533,847,0,240,,
1544,1061,0,240,,
1544,1086,0,240,,
1546,1692,0,240,,
1546,1728,0,240,,
155,11622,0,240,,
155,11632,0,240,,
155,12664,2,300,,
155,255,0,240,,
1550,1550,0,240,,
1550,1563,0,240,,
1550,1793,0,240,,
1553,1559,2,300,,
1554,1554,0,240,,
1554,1557,2,60,,
1555,1404,0,240,,
1557,1557,0,240,,
1561,1552,0,240,,
1561,1561,0,240,,
1561,2745,0,240,,
1563,1550,0,240,,
1563,1793,0,240,,
1567,1692,0,240,,
1567,1728,0,240,,
1570,1061,0,240,,
1570,1086,0,240,,
1572,695,0,240,,
1572,8045,0,240,,
1572,8072,0,240,,
1576,1308,0,240,,
1576,1354,0,240,,
1580,789,0,240,,
1580,847,0,240,,
1583,169,0,240,,
1583,248,0,240,,
1586,10799,0,240,,
1586,11280,2,300,,
1586,11281,2,300,,
1586,423,0,240,,
1589,341,2,300,,
1589,460,0,240,,
1592,210,0,240,,
1592,9124,0,240,,
1596,1039,0,240,,
1596,1108,0,240,,
160,11282,2,300,,
160,11283,2,240,,
160,12975,2,300,,
160,627,0,240,,
1604,10969,0,240,,
1604,1504,2,300,,
1604,313,2,360,,
1604,366,2,360,,
1614,11792,2,480,,
1614,11793,2,480,,
1614,11794,2,420,,
1617,1137,0,240,,
1617,1190,0,240,,
1622,2028,0,240,,
1622,9987,0,240,,
1633,12691,2,300,,
1633,1633,0,240,,
1633,1668,2,300,,
1641,1641,0,240,,
1641,2010,2,300,,
1642,1660,0,240,,
1643,1659,0,240,,
1643,9989,0,240,,
1648,1160,0,240,,
1648,1186,0,240,,
1648,1187,0,240,,
1648,12666,2,300,,
165,11020,0,240,,
165,11500,0,240,,
1659,1643,0,240,,
1659,1659,0,240,,
1659,2023,0,240,,
1659,9989,0,240,,
1660,12183,0,240,,
1660,1642,0,240,,
1660,1660,0,240,,
1663,1640,2,300,,
1664,1638,2,300,,
1664,1664,0,240,,
1679,2028,0,240,,
1679,9987,0,240,,
1683,1137,0,240,,
1683,1190,0,240,,
1685,11674,2,300,,
1685,1736,2,120,,
1685,8047,0,240,,
1685,8070,0,240,,
169,1530,0,240,,
169,1583,0,240,,
1692,1546,0,240,,
1692,1567,0,240,,
1697,906,0,240,,
1697,911,0,240,,
1708,1711,0,240,,
1709,12318,0,240,,
1709,12857,0,240,,
1709,1387,0,240,,
1709,1482,0,240,,
1709,2742,2,120,,
1709,8139,0,240,,
1709,963,0,240,,
1721,906,0,240,,
1721,911,0,240,,
1728,1546,0,240,,
1728,1567,0,240,,
1736,10921,0,240,,
1736,11674,0,240,,
1736,1685,0,240,,
1736,1801,0,240,,
1736,8047,0,240,,
1736,8070,0,240,,
1736,8563,0,240,,
1743,11323,0,240,,
1743,1743,0,240,,
1743,2760,0,240,,
1754,1754,0,240,,
1754,2110,2,360,,
1754,2123,0,240,,
1754,908,0,240,,
176,12822,2,360,,
176,2120,0,240,,
176,856,2,360,,
176,887,2,300,,
176,928,2,360,,
177,238,2,300,,
1771,4003,2,300,,
178,238,0,240,,
178,9067,0,240,,
179,10352,0,240,,
179,12818,2,360,,
1793,1550,0,240,,
1793,1563,0,240,,
1793,1793,0,240,,
1808,12690,2,300,,
1808,1808,0,240,,
1808,2163,2,300,,
1809,1852,2,300,,
181,12602,2,300,,
181,1286,2,360,,
181,181,0,240,,
181,235,0,240,,
181,8043,0,240,,
181,8074,0,240,,
1824,2004,0,240,,
1824,2032,0,240,,
1828,1076,0,240,,
1828,1133,0,240,,
1832,1065,0,240,,
1832,12393,0,240,,
1832,1615,0,240,,
1832,1832,0,240,,
1832,8046,0,240,,
1832,8071,0,240,,
1833,1076,0,240,,
1833,1133,0,240,,
1838,2004,0,240,,
1838,2032,0,240,,
184,1283,2,360,,
1846,1211,2,420,,
185,1283,2,300,,
185,231,0,240,,
185,524,2,360,,
1852,1809,0,240,,
1852,1852,0,240,,
1857,409,0,240,,
1858,1394,0,240,,
1865,10092,0,240,,
1865,1865,0,240,,
1870,2938,2,300,,
1870,8802,2,300,,
1873,1877,0,240,,
1875,12972,0,240,,
1875,2836,0,240,,
1877,1877,0,240,,
188,188,0,240,,
188,36,2,360,,
188,8019,2,480,,
188,8035,2,480,,
188,9069,2,480,,
1885,12984,2,300,,
1885,1866,0,240,,
1885,1885,0,240,,
1886,10092,2,300,,
1886,1865,2,300,,
1886,1886,0,240,,
1888,2939,0,240,,
1888,9043,0,240,,
189,11302,2,420,,
189,11535,2,420,,
189,189,0,240,,
189,35,2,360,,
189,78,2,300,,
189,79,2,300,,
189,859,2,300,,
189,9069,2,420,,
189,95,2,300,,
1892,1859,2,300,,
1892,1892,0,240,,
1892,9061,2,300,,
190,1016,2,300,,
190,4494,2,360,,
190,4495,2,360,,
190,9129,2,360,,
1902,1902,0,240,,
1907,12168,0,240,,
1907,12626,0,240,,
1907,1907,0,240,,
1907,301,0,240,,
1907,646,0,240,,
1907,744,2,300,,
193,11522,0,240,,
193,193,0,240,,
193,45,2,480,,
195,13043,2,300,,
195,761,2,300,,
1959,404,2,300,,
1971,1027,2,300,,
1971,1120,0,240,,
1977,774,0,240,,
1977,863,0,240,,
198,202,0,240,,
198,860,0,240,,
1980,758,2,300,,
1980,815,2,300,,
1988,10812,0,240,,
1988,151,0,240,,
199,202,2,300,,
199,860,2,300,,
1992,801,0,240,,
1992,834,0,240,,
1996,1320,0,240,,
1996,1343,2,300,,
1996,1996,0,240,,
1996,2039,0,240,,
2000,1218,0,240,,
2000,1258,0,240,,
2004,1824,0,240,,
2004,1838,0,240,,
2010,1641,2,300,,
2011,8642,2,300,,
2015,10330,0,240,,
202,198,0,240,,
202,199,2,300,,
202,287,2,300,,
202,392,2,300,,
2020,2020,0,240,,
2021,2021,0,240,,
2023,1659,0,240,,
2023,9989,0,240,,
2028,1622,0,240,,
2028,1679,0,240,,
2032,1824,0,240,,
2032,1838,0,240,,
2035,1218,0,240,,
2035,1258,0,240,,
2039,1320,0,240,,
2039,1343,2,300,,
2044,801,0,240,,
2044,834,0,240,,
2047,10812,2,300,,
2047,151,0,240,,
2051,11284,2,300,,
2051,11285,2,300,,
2051,11349,0,240,,
2051,994,0,240,,
2054,758,2,300,,
2054,815,2,300,,
2057,774,0,240,,
2057,863,0,240,,
2062,1027,0,240,,
2062,1120,0,240,,
2081,405,0,240,,
2081,584,0,240,,
2098,2098,0,240,,
210,1519,0,240,,
210,1592,0,240,,
2101,6949,0,240,,
2101,7001,0,240,,
2120,1143,2,300,,
2120,176,0,240,,
2120,240,2,300,,
2120,8622,2,360,,
2123,2110,0,240,,
2123,908,0,240,,
2146,12116,2,300,,
215,13002,2,300,,
215,13004,2,300,,
2156,10439,2,300,,
2156,9103,2,360,,
2160,1329,0,240,,
2160,1337,2,480,,
2160,7025,0,240,,
2166,2222,0,240,,
2167,2221,2,300,,
2170,2170,0,240,,
2170,2219,2,300,,
2170,9099,0,240,,
218,218,0,240,,
218,544,2,300,,
2189,3536,0,240,,
2189,3624,0,240,,
2214,2174,0,240,,
2214,2214,0,240,,
2221,2167,2,300,,
2221,2221,0,240,,
2222,2166,0,240,,
2222,2222,0,240,,
2222,2222,4,0,15469182,15469145
2222,2222,4,0,15469183,15469146
2222,2222,4,0,15469184,15469147
2222,2222,4,0,15469185,15469148
2222,2222,4,0,15469186,15469149
2222,2222,4,0,15469187,15469150
2222,2222,4,0,15469188,15469151
2222,2222,4,0,15469189,15469152
2222,2222,4,0,15469190,15469153
2222,2222,4,0,15469191,15469154
2222,2222,4,0,15469192,15469155
2222,2222,4,0,15469193,15469156
2222,2222,4,0,15469194,15469157
2222,2222,4,0,15469195,15469158
2222,2222,4,0,15469196,15469159
2222,2222,4,0,15469197,15469160
2222,2222,4,0,15469198,15469161
2222,2222,4,0,15469199,15469162
2222,2222,4,0,15469200,15469163
2222,2222,4,0,15469201,15469164
2222,2222,4,0,15469202,15469165
2222,2222,4,0,15469203,15469166
2222,2222,4,0,15469204,15469167
2222,2222,4,0,15469205,15469168
2222,2222,4,0,15469206,15469169
2222,2222,4,0,15469207,15469170
2222,2222,4,0,15469208,15469171
2222,2222,4,0,15469209,15469172
2222,2222,4,0,15469210,15469173
2222,2222,4,0,15469211,15469174
2222,2222,4,0,15469212,15469175
2222,2222,4,0,15469213,15469176
2222,2222,4,0,15469214,15469177
2222,2222,4,0,15469215,15469178
2222,2222,4,0,15469216,15469179
2222,2222,4,0,15469217,15469180
2222,2222,4,0,15469218,15469181
2222,2222,4,0,15469248,15469226
2222,2222,4,0,15469249,15469237
2222,2222,4,0,15469250,15469228
2222,2222,4,0,15469251,15469229
2222,2222,4,0,15469252,15469230
2222,2222,4,0,15469253,15469231
2222,2222,4,0,15469254,15469238
2222,2222,4,0,15469255,15469239
2222,2222,4,0,15469256,15469240
2222,2222,4,0,15469257,15469241
2222,2222,4,0,15469258,15469242
2222,2222,4,0,15469259,15469243
2222,2222,4,0,15469260,15469244
2222,2222,4,0,15469261,15469245
2222,2222,4,0,15469262,15469246
2222,2222,4,0,15469263,15469247
2222,2222,4,0,15469264,15469219
2222,2222,4,0,15469265,15469220
2222,2222,4,0,15469266,15469221
2222,2222,4,0,15469267,15469222
2222,2222,4,0,15469268,15469232
2222,2222,4,0,15469269,15469233
2222,2222,4,0,15469270,15469234
2222,2222,4,0,15469271,15469235
2222,2222,4,0,15469272,15469236
2222,2222,4,0,15469273,15469223
2222,2222,4,0,15469274,15469224
2222,2222,4,0,15469275,15469227
2222,2222,4,0,15469276,15469225
2222,2222,4,0,15469305,15469291
2222,2222,4,0,15469306,15469279
2222,2222,4,0,15469307,15469280
2222,2222,4,0,15469308,15469281
2222,2222,4,0,15469309,15469282
2222,2222,4,0,15469310,15469283
2222,2222,4,0,15469311,15469284
2222,2222,4,0,15469312,15469278
2222,2222,4,0,15469313,15469285
2222,2222,4,0,15469314,15469286
2222,2222,4,0,15469315,15469287
2222,2222,4,0,15469316,15469288
2222,2222,4,0,15469317,15469289
2222,2222,4,0,15469318,15469290
2222,2222,4,0,15469319,15469292
2222,2222,4,0,15469320,15469293
2222,2222,4,0,15469321,15469294
2222,2222,4,0,15469322,15469295
2222,2222,4,0,15469323,15469296
2222,2222,4,0,15469324,15469297
2222,2222,4,0,15469325,15469298
2222,2222,4,0,15469326,15469299
2222,2222,4,0,15469327,15469300
2222,2222,4,0,15469328,15469277
2222,2222,4,0,15469329,15469302
2222,2222,4,0,15469330,15469301
2222,2222,4,0,15469331,15469303
2222,2222,4,0,15469332,15469304
2225,1211,2,360,,
2226,2161,2,300,,
2227,1327,2,540,,
2227,1329,0,240,,
2227,1337,2,480,,
2227,7025,0,240,,
2231,827,2,360,,
2261,2639,0,240,,
2261,2648,0,240,,
2263,1430,0,240,,
2263,1442,0,240,,
2264,11204,0,240,,
2264,13054,0,240,,
2264,2264,0,240,,
2264,2325,0,240,,
2266,11906,0,240,,
2266,11909,0,240,,
231,231,0,240,,
2321,13184,2,300,,
2321,2268,0,240,,
2321,2321,0,240,,
2323,11906,0,240,,
2323,11909,0,240,,
2323,2266,0,240,,
2323,2323,0,240,,
2325,11204,2,300,,
2325,13054,0,240,,
2325,2264,0,240,,
2326,1429,0,240,,
2326,1444,0,240,,
2328,2639,0,240,,
2328,2648,0,240,,
234,10482,2,300,,
234,234,0,240,,
234,8043,2,300,,
234,8074,2,420,,
235,12602,2,300,,
235,1286,2,360,,
235,235,0,240,,
235,8043,0,240,,
235,8074,0,240,,
2354,2338,2,180,,
2354,2339,0,240,,
2354,8054,0,240,,
2354,8063,0,240,,
2354,8978,0,240,,
2355,2338,2,300,,
2355,2355,0,240,,
236,10352,2,300,,
2390,2390,0,240,,
2396,10854,2,480,,
2396,2386,2,300,,
2396,2399,2,300,,
240,12822,2,360,,
240,2120,2,360,,
240,856,2,360,,
240,887,2,300,,
240,928,2,360,,
2409,6086,0,240,,
2410,5991,0,240,,
2414,1173,0,240,,
2414,2717,2,120,,
2414,2761,2,120,,
2414,2833,2,120,,
2417,2417,0,240,,
2417,2491,0,240,,
2418,2527,2,360,,
2428,2428,0,240,,
2428,2798,2,300,,
2428,2800,2,300,,
2429,2429,0,240,,
2430,2434,2,300,,
2441,2469,2,300,,
2445,11204,2,240,,
2445,2325,2,240,,
2472,1451,2,300,,
2476,2478,2,360,,
2477,10429,0,240,,
2477,2630,0,240,,
2477,2692,0,240,,
2477,2799,0,240,,
2477,3023,0,240,,
2477,8051,0,240,,
2477,8066,0,240,,
2478,2429,0,240,,
2478,2478,0,240,,
2479,2428,2,300,,
248,1530,0,240,,
248,1583,0,240,,
2489,2527,2,360,,
2491,2491,0,240,,
25,11427,0,240,,
251,11020,0,240,,
251,11500,0,240,,
2534,2534,0,240,,
255,155,0,240,,
255,256,0,240,,
2553,1410,0,240,,
2553,1461,0,240,,
256,11622,2,300,,
256,11632,0,240,,
256,12664,0,240,,
256,255,0,240,,
2590,10023,2,300,,
26,11542,0,240,,
26,26,4,0,15444802,15442616
26,26,4,0,15444803,15442614
26,26,4,0,15444804,15442610
26,26,4,0,15444805,15442611
26,26,4,0,15444878,15442735
2610,1168,0,240,,
2610,1177,2,480,,
2610,1178,2,480,,
2613,2613,0,240,,
2613,2764,0,240,,
2613,8589,2,300,,
2622,2528,2,300,,
2622,3094,0,240,,
2623,2418,2,360,,
2623,2489,2,300,,
2630,10429,0,240,,
2630,2477,0,240,,
2630,2692,0,240,,
2630,2799,0,240,,
2630,3023,0,240,,
2630,8051,0,240,,
2630,8066,0,240,,
2639,2261,0,240,,
2639,2328,0,240,,
2640,2646,0,240,,
2646,2189,0,240,,
2646,2640,0,240,,
2646,2646,0,240,,
2646,3536,0,240,,
2646,3624,0,240,,
2648,2261,0,240,,
2648,2328,0,240,,
2656,10333,2,300,,
2663,10245,0,240,,
2663,10288,0,240,,
2663,2663,0,240,,
267,2153,2,360,,
2671,1173,2,120,,
2671,2717,2,120,,
2671,2833,2,120,,
2677,10247,0,240,,
2688,2696,0,240,,
2689,2695,0,240,,
2692,10429,2,120,,
2692,2477,0,240,,
2692,2630,0,240,,
2692,2799,0,240,,
2692,3023,0,240,,
2692,8051,0,240,,
2692,8066,0,240,,
2708,2708,0,240,,
2717,1173,0,240,,
2717,12109,2,300,,
2717,12405,2,300,,
2717,12409,2,120,,
2717,12410,2,300,,
2717,12411,2,300,,
2717,2016,0,240,,
2717,2414,0,240,,
2717,2523,0,240,,
2717,2671,0,240,,
2717,2761,0,240,,
2717,2833,0,240,,
2717,8049,2,300,,
2717,8068,0,240,,
2728,2728,0,240,,
2741,2741,0,240,,
2742,12318,0,240,,
2742,12857,0,240,,
2742,1387,0,240,,
2742,1482,0,240,,
2742,1709,2,120,,
2742,2742,0,240,,
2742,963,2,300,,
276,607,2,360,,
2761,1173,2,120,,
2761,2833,2,120,,
2765,1559,0,240,,
277,276,2,480,,
2787,1463,0,240,,
2788,2788,0,240,,
2798,2428,2,300,,
2798,2479,0,240,,
2799,10429,0,240,,
2799,2477,0,240,,
2799,2630,0,240,,
2799,2692,0,240,,
2799,3023,0,240,,
2799,8051,0,240,,
2799,8066,0,240,,
2800,2428,2,300,,
2807,2791,0,240,,
2809,2789,0,240,,
2821,11876,2,300,,
2836,12972,0,240,,
2836,1875,0,240,,
2836,2836,0,240,,
2847,2941,0,240,,
2847,2971,0,240,,
286,12816,2,360,,
2860,2917,2,300,,
2860,2955,2,300,,
2863,8897,2,300,,
2869,2869,0,240,,
2869,3130,2,300,,
287,202,2,300,,
287,860,2,300,,
2917,2860,2,360,,
2917,3024,0,240,,
292,1031,2,180,,
292,1116,2,300,,
2928,2941,0,240,,
2928,2971,0,240,,
2941,2847,0,240,,
2941,2928,0,240,,
2948,2948,0,240,,
2951,2860,2,360,,
2955,2860,2,300,,
2955,3024,0,240,,
2959,3108,0,240,,
296,132,0,240,,
297,12663,2,300,,
297,297,0,240,,
297,381,0,240,,
2971,2847,0,240,,
2971,2928,0,240,,
2994,2838,2,480,,
30,11481,0,240,,
30,11522,2,600,,
30,12681,2,540,,
30,193,2,540,,
30,30,0,240,,
30,44,2,300,,
30,4496,0,240,,
30,45,0,240,,
30,4883,2,360,,
3023,10429,0,240,,
3023,2477,0,240,,
3023,2630,0,240,,
3023,2692,0,240,,
3023,2799,0,240,,
3023,3023,0,240,,
3023,8051,0,240,,
3023,8066,0,240,,
3024,2917,0,240,,
3024,2955,0,240,,
3041,3041,0,240,,
3041,3080,0,240,,
3046,3076,0,240,,
3056,3064,2,300,,
3056,3825,2,360,,
3056,9494,2,360,,
3057,11108,0,240,,
3057,3057,0,240,,
3058,3058,0,240,,
3058,3062,0,240,,
3059,3728,2,300,,
3062,3058,0,240,,
3062,3062,0,240,,
3064,3825,2,420,,
3065,3055,2,300,,
3066,3054,2,360,,
3068,3068,0,240,,
3069,3069,0,240,,
3076,3401,2,480,,
3077,3045,0,240,,
3077,3077,0,240,,
3084,3402,2,420,,
3085,3085,0,240,,
3086,11443,0,240,,
3091,3156,2,360,,
31,10399,2,480,,
31,11272,2,540,,
31,11523,2,480,,
31,12681,2,300,,
31,409,2,300,,
31,4496,0,240,,
31,76,2,420,,
31,8040,2,360,,
31,8077,2,300,,
31,9112,2,300,,
31,9128,0,240,,
31,9307,2,420,,
31,985,2,420,,
310,1505,0,240,,
310,310,0,240,,
310,370,2,300,,
3108,2948,0,240,,
3108,2959,0,240,,
3117,2948,0,240,,
3117,2959,0,240,,
3129,12972,0,240,,
3129,1875,0,240,,
3129,2836,0,240,,
313,10968,2,360,,
313,10969,2,360,,
313,1604,2,360,,
3133,3133,0,240,,
3133,3140,2,300,,
3133,3548,2,300,,
3133,3613,2,300,,
3140,3548,2,300,,
3140,3613,2,300,,
3153,3153,0,240,,
3154,3244,2,300,,
3155,12210,0,240,,
3155,12211,0,240,,
3155,12212,0,240,,
3155,12228,0,240,,
3155,12229,0,240,,
3155,3155,0,240,,
317,12816,2,300,,
317,317,0,240,,
317,318,0,240,,
317,361,2,300,,
317,9530,0,240,,
3178,3220,0,240,,
318,317,2,300,,
318,318,0,240,,
318,9530,0,240,,
3181,11942,2,600,,
3181,11943,2,600,,
3181,3181,0,240,,
3195,11229,0,240,,
3195,12234,0,240,,
3195,12235,0,240,,
3195,12647,0,240,,
3195,3053,0,240,,
3195,3067,0,240,,
3195,3195,0,240,,
3195,3204,0,240,,
3195,3334,0,240,,
3195,3394,0,240,,
3195,3533,0,240,,
3195,3769,0,240,,
3195,3904,0,240,,
3195,3906,0,240,,
3195,3927,0,240,,
3195,7643,0,240,,
3195,8021,2,60,,
3195,8032,2,60,,
3198,10132,2,300,,
3198,3975,0,240,,
3204,3053,0,240,,
3204,3067,0,240,,
3204,3195,0,240,,
3204,3204,0,240,,
3204,3334,0,240,,
3204,3394,0,240,,
3204,3769,0,240,,
3204,3904,0,240,,
3204,3906,0,240,,
3204,3927,0,240,,
3204,7643,0,240,,
3204,8021,2,120,,
3204,8032,2,120,,
3206,3206,0,240,,
3207,11308,2,420,,
3207,12232,2,360,,
3207,12233,2,360,,
3207,12242,2,360,,
3214,3214,0,240,,
3218,3218,0,240,,
322,110,0,240,,
322,322,0,240,,
322,59,2,300,,
322,60,2,300,,
3239,3159,0,240,,
3242,12210,2,300,,
3242,12211,2,300,,
3242,12212,2,300,,
3242,12228,2,300,,
3242,12229,2,300,,
3242,3155,2,300,,
3273,3273,0,240,,
3277,3277,0,240,,
329,11403,2,360,,
329,12721,0,240,,
329,329,0,240,,
329,9136,2,300,,
3298,11827,2,360,,
3298,3298,0,240,,
3298,3317,2,420,,
331,12791,2,300,,
331,331,0,240,,
3314,12277,0,240,,
3314,3954,0,240,,
3315,12267,0,240,,
3315,12272,0,240,,
3317,11827,2,300,,
3317,3317,0,240,,
3331,12267,2,300,,
3331,12272,0,240,,
3333,12277,0,240,,
3333,3954,0,240,,
3334,11229,0,240,,
3334,12647,0,240,,
3334,3053,0,240,,
3334,3067,0,240,,
3334,3195,0,240,,
3334,3204,0,240,,
3334,3334,0,240,,
3334,3394,0,240,,
3334,3533,0,240,,
3334,3769,0,240,,
3334,3904,0,240,,
3334,3906,0,240,,
3334,3927,0,240,,
3334,7643,0,240,,
3334,8021,2,120,,
3334,8032,2,120,,
337,11014,0,240,,
337,11021,2,300,,
3371,3589,0,240,,
3371,3667,0,240,,
3373,3373,0,240,,
3373,8886,0,240,,
3385,3385,0,240,,
3385,3478,0,240,,
3385,3806,0,240,,
3385,3816,0,240,,
3385,3822,0,240,,
3385,8022,0,240,,
3385,8031,2,60,,
3386,3532,2,420,,
3386,8350,2,480,,
3394,12234,0,240,,
3394,12647,0,240,,
3394,3053,0,240,,
3394,3067,0,240,,
3394,3533,0,240,,
3394,3769,0,240,,
3394,3904,0,240,,
3394,3906,0,240,,
3394,3927,0,240,,
3394,7643,0,240,,
3394,8032,2,120,,
3401,3046,2,480,,
3401,8350,2,480,,
3407,3407,0,240,,
3407,8797,0,240,,
341,1522,0,240,,
341,1589,0,240,,
3410,3518,0,240,,
3410,8847,0,240,,
3411,3411,0,240,,
3411,3443,2,300,,
3411,8818,0,240,,
3418,3554,2,360,,
3419,3361,0,240,,
3423,3423,0,240,,
3428,231,0,240,,
3428,2738,2,300,,
3428,429,2,360,,
3428,942,2,300,,
3429,81,2,480,,
3443,3411,0,240,,
3443,3443,0,240,,
3443,8818,0,240,,
3448,3565,2,360,,
3449,3565,2,300,,
3449,3594,2,360,,
3476,3487,2,360,,
3478,3385,0,240,,
3478,3806,0,240,,
3478,3822,0,240,,
3478,8022,2,120,,
3478,8031,2,120,,
3479,3059,2,300,,
3479,3479,0,240,,
3479,8022,2,600,,
35,11438,2,240,,
35,35,0,240,,
35,36,2,300,,
35,40,2,300,,
35,8019,2,420,,
35,8035,2,480,,
35,8039,2,360,,
35,9069,2,300,,
351,351,0,240,,
3515,3565,2,300,,
3515,3594,2,420,,
3517,3412,2,300,,
3518,3410,0,240,,
3518,8820,0,240,,
3532,3386,2,360,,
3532,3401,2,480,,
3533,12234,0,240,,
3533,3053,0,240,,
3533,3067,0,240,,
3533,3195,0,240,,
3533,3334,0,240,,
3533,3394,0,240,,
3533,3769,0,240,,
3533,3904,0,240,,
3533,3906,0,240,,
3533,3927,0,240,,
3533,7643,0,240,,
3533,8032,2,120,,
3536,2189,0,240,,
3536,2646,0,240,,
354,354,0,240,,
354,599,2,300,,
3548,3133,2,300,,
3548,3140,2,300,,
3548,3613,2,300,,
3565,3449,2,300,,
3565,3515,2,300,,
358,13106,0,240,,
358,358,0,240,,
358,359,0,240,,
358,596,0,240,,
359,358,0,240,,
359,359,0,240,,
359,596,0,240,,
3593,3515,2,360,,
3594,3449,2,300,,
36,36,0,240,,
3608,10067,2,480,,
3608,10068,2,420,,
361,12816,2,300,,
361,317,0,240,,
361,318,2,300,,
361,361,0,240,,
361,9530,2,360,,
3613,3133,2,300,,
3613,3140,2,300,,
3619,2345,0,240,,
3619,3542,0,240,,
3619,3619,0,240,,
3624,2189,0,240,,
3624,2646,0,240,,
3628,2513,0,240,,
3628,3628,0,240,,
3628,3661,0,240,,
3633,12291,2,300,,
3633,2349,2,360,,
365,10968,0,240,,
365,10969,2,300,,
365,1604,2,360,,
366,313,0,240,,
366,366,0,240,,
3694,3694,0,240,,
3694,3732,0,240,,
3695,3731,0,240,,
3695,9397,2,300,,
3699,3679,0,240,,
3708,11567,2,360,,
3708,11685,2,480,,
3719,10567,2,480,,
3719,3719,2,120,,
3721,3721,4,0,15473353,15473384
3721,3721,4,0,15473354,15473385
3721,3721,4,0,15473355,15473386
3721,3721,4,0,15473356,15473387
3721,3721,4,0,15473357,15473388
3721,3721,4,0,15473358,15473389
3721,3721,4,0,15473359,15473379
3721,3721,4,0,15473360,15473380
3721,3721,4,0,15473361,15473390
3721,3721,4,0,15473362,15473381
3721,3721,4,0,15473363,15473382
3721,3721,4,0,15473364,15473383
3721,3721,4,0,15473365,15473391
3721,3721,4,0,15473366,15473392
3721,3721,4,0,15473367,15473393
3721,3721,4,0,15473368,15473394
3721,3721,4,0,15473369,15473395
3721,3721,4,0,15473370,15473396
3721,3721,4,0,15473371,15473399
3721,3721,4,0,15473372,15473400
3721,3721,4,0,15473373,15473401
3721,3721,4,0,15473374,15473398
3721,3721,4,0,15473375,15473397
3721,3721,4,0,15473376,15473397
3721,3721,4,0,15473377,15473401
3721,3721,4,0,15473378,15473385
3723,10568,2,480,,
3723,10569,2,480,,
3723,13037,2,480,,
3723,3723,0,240,,
3731,3731,0,240,,
3784,10132,2,300,,
3784,3975,0,240,,
3810,3810,4,0,15472317,15472302
3810,3810,4,0,15472318,15472303
3810,3810,4,0,15472319,15472304
3810,3810,4,0,15472320,15472305
3810,3810,4,0,15472321,15472306
3810,3810,4,0,15472322,15472307
3810,3810,4,0,15472323,15472308
3810,3810,4,0,15472324,15472309
3810,3810,4,0,15472325,15472310
3810,3810,4,0,15472326,15472311
3810,3810,4,0,15472327,15472263
3810,3810,4,0,15472328,15472289
3810,3810,4,0,15472329,15472290
3810,3810,4,0,15472330,15472291
3810,3810,4,0,15472331,15472292
3810,3810,4,0,15472332,15472288
3810,3810,4,0,15472333,15472293
3810,3810,4,0,15472334,15472294
3810,3810,4,0,15472335,15472295
3810,3810,4,0,15472336,15472296
3810,3810,4,0,15472337,15472297
3810,3810,4,0,15472338,15472298
3810,3810,4,0,15472339,15472299
3810,3810,4,0,15472340,15472301
3810,3810,4,0,15472341,15472284
3810,3810,4,0,15472342,15472285
3810,3810,4,0,15472343,15472287
3810,3810,4,0,15472344,15472312
3810,3810,4,0,15472345,15472313
3810,3810,4,0,15472346,15472314
3810,3810,4,0,15472347,15472264
3810,3810,4,0,15472348,15472265
3810,3810,4,0,15472349,15472266
3810,3810,4,0,15472350,15472267
3810,3810,4,0,15472351,15472262
3810,3810,4,0,15472352,15472268
3810,3810,4,0,15472353,15472269
3810,3810,4,0,15472354,15472270
3810,3810,4,0,15472355,15472271
3810,3810,4,0,15472356,15472272
3810,3810,4,0,15472357,15472273
3810,3810,4,0,15472358,15472274
3810,3810,4,0,15472359,15472286
3810,3810,4,0,15472360,15472275
3810,3810,4,0,15472361,15472276
3810,3810,4,0,15472362,15472277
3810,3810,4,0,15472363,15472278
3810,3810,4,0,15472364,15472315
3810,3810,4,0,15472365,15472279
3810,3810,4,0,15472366,15472280
3810,3810,4,0,15472367,15472281
3810,3810,4,0,15472368,15472282
3810,3810,4,0,15472369,15472283
3810,3810,4,0,15472370,15472300
3810,3810,4,0,15472371,15472316
3810,3810,4,0,15472408,15472377
3810,3810,4,0,15472409,15472406
3810,3810,4,0,15472410,15472403
3810,3810,4,0,15472411,15472404
3810,3810,4,0,15472412,15472405
3810,3810,4,0,15472413,15472407
3810,3810,4,0,15472414,15472378
3810,3810,4,0,15472415,15472373
3810,3810,4,0,15472416,15472374
3810,3810,4,0,15472417,15472375
3810,3810,4,0,15472418,15472376
3810,3810,4,0,15472419,15472379
3810,3810,4,0,15472420,15472380
3810,3810,4,0,15472421,15472381
3810,3810,4,0,15472422,15472382
3810,3810,4,0,15472423,15472383
3810,3810,4,0,15472424,15472372
3810,3810,4,0,15472425,15472384
3810,3810,4,0,15472426,15472385
3810,3810,4,0,15472427,15472386
3810,3810,4,0,15472428,15472387
3810,3810,4,0,15472429,15472388
3810,3810,4,0,15472430,15472389
3810,3810,4,0,15472431,15472390
3810,3810,4,0,15472432,15472391
3810,3810,4,0,15472433,15472392
3810,3810,4,0,15472434,15472393
3810,3810,4,0,15472435,15472394
3810,3810,4,0,15472436,15472395
3810,3810,4,0,15472437,15472396
3810,3810,4,0,15472438,15472397
3810,3810,4,0,15472439,15472398
3810,3810,4,0,15472440,15472399
3810,3810,4,0,15472441,15472400
3810,3810,4,0,15472442,15472401
3810,3810,4,0,15472443,15472402
3810,3810,4,0,15472478,15472467
3810,3810,4,0,15472479,15472472
3810,3810,4,0,15472480,15472473
3810,3810,4,0,15472481,15472470
3810,3810,4,0,15472482,15472471
3810,3810,4,0,15472483,15472474
3810,3810,4,0,15472484,15472475
3810,3810,4,0,15472485,15472476
3810,3810,4,0,15472486,15472477
3810,3810,4,0,15472487,15472445
3810,3810,4,0,15472488,15472444
3810,3810,4,0,15472489,15472446
3810,3810,4,0,15472490,15472447
3810,3810,4,0,15472491,15472448
3810,3810,4,0,15472492,15472449
3810,3810,4,0,15472493,15472450
3810,3810,4,0,15472494,15472451
3810,3810,4,0,15472495,15472452
3810,3810,4,0,15472496,15472453
3810,3810,4,0,15472497,15472454
3810,3810,4,0,15472498,15472455
3810,3810,4,0,15472499,15472456
3810,3810,4,0,15472500,15472457
3810,3810,4,0,15472501,15472468
3810,3810,4,0,15472502,15472469
3810,3810,4,0,15472503,15472458
3810,3810,4,0,15472504,15472459
3810,3810,4,0,15472505,15472460
3810,3810,4,0,15472506,15472461
3810,3810,4,0,15472507,15472462
3810,3810,4,0,15472508,15472463
3810,3810,4,0,15472509,15472464
3810,3810,4,0,15472510,15472465
3810,3810,4,0,15472511,15472466
3815,3731,2,300,,
3816,3385,0,240,,
3816,3478,0,240,,
3816,3806,0,240,,
3816,3822,0,240,,
3816,8022,2,120,,
3816,8031,2,120,,
3822,3385,0,240,,
3822,3478,0,240,,
3822,3806,0,240,,
3822,3816,0,240,,
3822,3822,0,240,,
3822,8022,2,120,,
3822,8031,2,120,,
3825,3064,2,360,,
3831,3856,2,300,,
3831,3878,2,300,,
3842,3842,0,240,,
3842,9365,0,240,,
3843,3843,0,240,,
3847,3847,4,0,15473144,15473014
3847,3847,4,0,15473145,15473010
3847,3847,4,0,15473146,15473011
3847,3847,4,0,15473147,15473012
3847,3847,4,0,15473148,15473013
3847,3847,4,0,15473149,15473003
3847,3847,4,0,15473150,15472991
3847,3847,4,0,15473151,15472992
3847,3847,4,0,15473152,15472993
3847,3847,4,0,15473153,15472994
3847,3847,4,0,15473154,15472995
3847,3847,4,0,15473155,15472996
3847,3847,4,0,15473156,15472997
3847,3847,4,0,15473157,15472998
3847,3847,4,0,15473158,15472999
3847,3847,4,0,15473159,15473000
3847,3847,4,0,15473160,15473001
3847,3847,4,0,15473161,15473002
3847,3847,4,0,15473162,15472990
3847,3847,4,0,15473163,15473015
3847,3847,4,0,15473164,15473016
3847,3847,4,0,15473165,15473017
3847,3847,4,0,15473166,15473018
3847,3847,4,0,15473167,15473019
3847,3847,4,0,15473168,15473020
3847,3847,4,0,15473169,15473021
3847,3847,4,0,15473170,15473022
3847,3847,4,0,15473171,15473023
3847,3847,4,0,15473172,15473024
3847,3847,4,0,15473173,15473025
3847,3847,4,0,15473174,15473026
3847,3847,4,0,15473175,15473027
3847,3847,4,0,15473176,15472982
3847,3847,4,0,15473177,15472983
3847,3847,4,0,15473178,15472984
3847,3847,4,0,15473179,15472985
3847,3847,4,0,15473180,15472986
3847,3847,4,0,15473181,15472987
3847,3847,4,0,15473182,15472988
3847,3847,4,0,15473183,15472989
3847,3847,4,0,15473184,15473004
3847,3847,4,0,15473185,15473005
3847,3847,4,0,15473186,15473006
3847,3847,4,0,15473187,15473007
3847,3847,4,0,15473188,15473008
3847,3847,4,0,15473189,15473009
3847,3847,4,0,15473190,15473028
3847,3847,4,0,15473238,15473076
3847,3847,4,0,15473239,15473077
3847,3847,4,0,15473240,15473078
3847,3847,4,0,15473241,15473079
3847,3847,4,0,15473242,15473080
3847,3847,4,0,15473243,15473081
3847,3847,4,0,15473244,15473082
3847,3847,4,0,15473245,15473083
3847,3847,4,0,15473246,15473084
3847,3847,4,0,15473247,15473087
3847,3847,4,0,15473248,15473073
3847,3847,4,0,15473249,15473074
3847,3847,4,0,15473250,15473085
3847,3847,4,0,15473251,15473086
3847,3847,4,0,15473252,15473088
3847,3847,4,0,15473253,15473089
3847,3847,4,0,15473254,15473090
3847,3847,4,0,15473255,15473061
3847,3847,4,0,15473256,15473062
3847,3847,4,0,15473257,15473059
3847,3847,4,0,15473258,15473060
3847,3847,4,0,15473259,15473063
3847,3847,4,0,15473260,15473064
3847,3847,4,0,15473261,15473065
3847,3847,4,0,15473262,15473066
3847,3847,4,0,15473263,15473067
3847,3847,4,0,15473264,15473068
3847,3847,4,0,15473265,15473069
3847,3847,4,0,15473266,15473070
3847,3847,4,0,15473267,15473071
3847,3847,4,0,15473268,15473072
3847,3847,4,0,15473269,15473075
3847,3847,4,0,15473300,15473120
3847,3847,4,0,15473301,15473121
3847,3847,4,0,15473302,15473122
3847,3847,4,0,15473303,15473123
3847,3847,4,0,15473304,15473124
3847,3847,4,0,15473305,15473125
3847,3847,4,0,15473306,15473126
3847,3847,4,0,15473307,15473127
3847,3847,4,0,15473308,15473128
3847,3847,4,0,15473309,15473129
3847,3847,4,0,15473310,15473130
3847,3847,4,0,15473311,15473131
3847,3847,4,0,15473312,15473132
3847,3847,4,0,15473313,15473133
3847,3847,4,0,15473314,15473134
3847,3847,4,0,15473315,15473135
3847,3847,4,0,15473316,15473136
3847,3847,4,0,15473317,15473118
3847,3847,4,0,15473318,15473119
3847,3847,4,0,15473319,15473137
3847,3847,4,0,15473320,15473138
3847,3847,4,0,15473321,15473139
3847,3847,4,0,15473322,15473140
3847,3847,4,0,15473323,15473141
3847,3847,4,0,15473324,15473142
3847,3847,4,0,15473325,15473143
3852,3852,0,240,,
3852,3881,0,240,,
3855,3831,2,360,,
3856,3898,2,360,,
3865,3865,0,240,,
3865,9388,0,240,,
3868,3868,0,240,,
3869,3825,2,420,,
3869,7742,2,420,,
3872,3872,0,240,,
3878,3855,2,360,,
3878,3856,2,360,,
3878,3878,0,240,,
3878,3898,2,360,,
3885,3885,0,240,,
3885,3885,4,0,15472936,15473234
3885,3885,4,0,15472937,15473235
3885,3885,4,0,15472938,15473236
3885,3885,4,0,15472939,15473192
3885,3885,4,0,15472940,15473193
3885,3885,4,0,15472941,15473194
3885,3885,4,0,15472942,15473195
3885,3885,4,0,15472943,15473196
3885,3885,4,0,15472944,15473197
3885,3885,4,0,15472945,15473198
3885,3885,4,0,15472946,15473199
3885,3885,4,0,15472947,15473200
3885,3885,4,0,15472948,15473201
3885,3885,4,0,15472949,15473202
3885,3885,4,0,15472950,15473207
3885,3885,4,0,15472951,15473208
3885,3885,4,0,15472952,15473209
3885,3885,4,0,15472953,15473210
3885,3885,4,0,15472954,15473211
3885,3885,4,0,15472955,15473212
3885,3885,4,0,15472956,15473215
3885,3885,4,0,15472956,15473237
3885,3885,4,0,15472957,15473216
3885,3885,4,0,15472958,15473217
3885,3885,4,0,15472959,15473218
3885,3885,4,0,15472960,15473219
3885,3885,4,0,15472961,15473220
3885,3885,4,0,15472962,15473203
3885,3885,4,0,15472963,15473204
3885,3885,4,0,15472964,15473221
3885,3885,4,0,15472965,15473222
3885,3885,4,0,15472966,15473223
3885,3885,4,0,15472967,15473224
3885,3885,4,0,15472968,15473225
3885,3885,4,0,15472969,15473226
3885,3885,4,0,15472970,15473227
3885,3885,4,0,15472971,15473228
3885,3885,4,0,15472972,15473229
3885,3885,4,0,15472973,15473230
3885,3885,4,0,15472974,15473231
3885,3885,4,0,15472975,15473213
3885,3885,4,0,15472976,15473205
3885,3885,4,0,15472977,15473206
3885,3885,4,0,15472978,15473214
3885,3885,4,0,15472979,15473232
3885,3885,4,0,15472980,15473233
3885,3885,4,0,15472981,15473191
3885,3885,4,0,15473029,15473299
3885,3885,4,0,15473030,15473270
3885,3885,4,0,15473031,15473280
3885,3885,4,0,15473032,15473281
3885,3885,4,0,15473033,15473279
3885,3885,4,0,15473034,15473282
3885,3885,4,0,15473035,15473283
3885,3885,4,0,15473036,15473284
3885,3885,4,0,15473037,15473285
3885,3885,4,0,15473038,15473286
3885,3885,4,0,15473039,15473287
3885,3885,4,0,15473040,15473288
3885,3885,4,0,15473041,15473289
3885,3885,4,0,15473042,15473290
3885,3885,4,0,15473043,15473291
3885,3885,4,0,15473044,15473292
3885,3885,4,0,15473045,15473293
3885,3885,4,0,15473046,15473294
3885,3885,4,0,15473047,15473295
3885,3885,4,0,15473048,15473296
3885,3885,4,0,15473049,15473271
3885,3885,4,0,15473050,15473272
3885,3885,4,0,15473051,15473273
3885,3885,4,0,15473052,15473297
3885,3885,4,0,15473053,15473298
3885,3885,4,0,15473054,15473274
3885,3885,4,0,15473055,15473275
3885,3885,4,0,15473056,15473276
3885,3885,4,0,15473057,15473277
3885,3885,4,0,15473058,15473278
3885,3885,4,0,15473091,15473340
3885,3885,4,0,15473092,15473326
3885,3885,4,0,15473093,15473339
3885,3885,4,0,15473094,15473341
3885,3885,4,0,15473095,15473342
3885,3885,4,0,15473096,15473343
3885,3885,4,0,15473097,15473327
3885,3885,4,0,15473098,15473328
3885,3885,4,0,15473099,15473329
3885,3885,4,0,15473100,15473330
3885,3885,4,0,15473101,15473331
3885,3885,4,0,15473102,15473332
3885,3885,4,0,15473103,15473333
3885,3885,4,0,15473104,15473334
3885,3885,4,0,15473105,15473335
3885,3885,4,0,15473106,15473336
3885,3885,4,0,15473107,15473337
3885,3885,4,0,15473108,15473338
3885,3885,4,0,15473109,15473344
3885,3885,4,0,15473110,15473345
3885,3885,4,0,15473111,15473346
3885,3885,4,0,15473112,15473347
3885,3885,4,0,15473113,15473348
3885,3885,4,0,15473114,15473349
3885,3885,4,0,15473115,15473350
3885,3885,4,0,15473116,15473351
3885,3885,4,0,15473117,15473352
3890,3843,0,240,,
3890,3890,0,240,,
3898,3856,2,300,,
3898,3878,2,300,,
3900,9174,0,240,,
3903,3826,2,420,,
3903,9240,2,420,,
3904,11229,0,240,,
3904,12234,0,240,,
3904,12235,0,240,,
3904,12647,0,240,,
3904,3053,0,240,,
3904,3067,0,240,,
3904,3195,0,240,,
3904,3204,0,240,,
3904,3334,0,240,,
3904,3394,0,240,,
3904,3533,0,240,,
3904,3769,0,240,,
3904,3904,0,240,,
3904,3906,0,240,,
3904,3927,0,240,,
3904,7643,0,240,,
3904,8021,2,120,,
3904,8032,2,120,,
3908,12238,2,300,,
3908,3782,2,360,,
3918,3918,4,0,15475606,15475639
3918,3918,4,0,15475607,15475640
3918,3918,4,0,15475608,15475641
3918,3918,4,0,15475609,15475642
3918,3918,4,0,15475610,15475643
3918,3918,4,0,15475611,15475644
3918,3918,4,0,15475612,15475645
3918,3918,4,0,15475613,15475646
3918,3918,4,0,15475614,15475647
3918,3918,4,0,15475615,15475648
3918,3918,4,0,15475616,15475649
3918,3918,4,0,15475617,15475650
3918,3918,4,0,15475618,15475651
3918,3918,4,0,15475619,15475652
3918,3918,4,0,15475620,15475653
3918,3918,4,0,15475621,15475654
3918,3918,4,0,15475622,15475655
3918,3918,4,0,15475623,15475656
3918,3918,4,0,15475624,15475657
3918,3918,4,0,15475625,15475658
3918,3918,4,0,15475626,15475659
3918,3918,4,0,15475627,15475660
3918,3918,4,0,15475628,15475661
3918,3918,4,0,15475629,15475662
3918,3918,4,0,15475630,15475663
3918,3918,4,0,15475631,15475664
3918,3918,4,0,15475632,15475665
3918,3918,4,0,15475633,15475666
3918,3918,4,0,15475634,15475667
3918,3918,4,0,15475635,15475668
3918,3918,4,0,15475636,15475669
3918,3918,4,0,15475637,15475670
3918,3918,4,0,15475638,15475671
3918,3918,4,0,15475672,15475710
3918,3918,4,0,15475673,15475711
3918,3918,4,0,15475674,15475712
3918,3918,4,0,15475675,15475716
3918,3918,4,0,15475676,15475717
3918,3918,4,0,15475677,15475718
3918,3918,4,0,15475678,15475719
3918,3918,4,0,15475679,15475720
3918,3918,4,0,15475680,15475707
3918,3918,4,0,15475681,15475708
3918,3918,4,0,15475682,15475721
3918,3918,4,0,15475683,15475722
3918,3918,4,0,15475684,15475723
3918,3918,4,0,15475685,15475724
3918,3918,4,0,15475686,15475725
3918,3918,4,0,15475687,15475726
3918,3918,4,0,15475688,15475727
3918,3918,4,0,15475689,15475728
3918,3918,4,0,15475690,15475729
3918,3918,4,0,15475691,15475713
3918,3918,4,0,15475692,15475714
3918,3918,4,0,15475693,15475715
3918,3918,4,0,15475694,15475701
3918,3918,4,0,15475695,15475702
3918,3918,4,0,15475696,15475703
3918,3918,4,0,15475697,15475704
3918,3918,4,0,15475698,15475705
3918,3918,4,0,15475699,15475706
3918,3918,4,0,15475700,15475709
3918,3918,4,0,15475730,15475785
3918,3918,4,0,15475731,15475758
3918,3918,4,0,15475732,15475759
3918,3918,4,0,15475733,15475760
3918,3918,4,0,15475734,15475761
3918,3918,4,0,15475735,15475762
3918,3918,4,0,15475736,15475763
3918,3918,4,0,15475737,15475764
3918,3918,4,0,15475738,15475765
3918,3918,4,0,15475739,15475766
3918,3918,4,0,15475740,15475767
3918,3918,4,0,15475741,15475768
3918,3918,4,0,15475742,15475769
3918,3918,4,0,15475743,15475770
3918,3918,4,0,15475744,15475771
3918,3918,4,0,15475745,15475772
3918,3918,4,0,15475746,15475773
3918,3918,4,0,15475747,15475774
3918,3918,4,0,15475748,15475775
3918,3918,4,0,15475749,15475776
3918,3918,4,0,15475750,15475777
3918,3918,4,0,15475751,15475778
3918,3918,4,0,15475752,15475779
3918,3918,4,0,15475753,15475783
3918,3918,4,0,15475754,15475780
3918,3918,4,0,15475755,15475781
3918,3918,4,0,15475756,15475782
3918,3918,4,0,15475757,15475784
392,202,2,300,,
392,860,0,240,,
3927,11229,0,240,,
3927,12234,0,240,,
3927,12235,0,240,,
3927,12322,0,240,,
3927,12647,0,240,,
3927,3053,0,240,,
3927,3067,0,240,,
3927,3195,0,240,,
3927,3204,0,240,,
3927,3334,0,240,,
3927,3394,0,240,,
3927,3533,0,240,,
3927,3769,0,240,,
3927,3906,0,240,,
3927,3927,0,240,,
3927,7643,0,240,,
3927,8021,2,300,,
3927,8032,2,300,,
3943,3943,0,240,,
3943,9179,0,240,,
3944,3944,4,0,15474390,15474676
3944,3944,4,0,15474391,15474692
3944,3944,4,0,15474392,15474677
3944,3944,4,0,15474393,15474678
3944,3944,4,0,15474394,15474679
3944,3944,4,0,15474395,15474680
3944,3944,4,0,15474396,15474681
3944,3944,4,0,15474397,15474682
3944,3944,4,0,15474398,15474683
3944,3944,4,0,15474399,15474684
3944,3944,4,0,15474400,15474685
3944,3944,4,0,15474401,15474686
3944,3944,4,0,15474402,15474687
3944,3944,4,0,15474403,15474688
3944,3944,4,0,15474404,15474689
3944,3944,4,0,15474405,15474690
3944,3944,4,0,15474406,15474691
3944,3944,4,0,15474407,15474693
3944,3944,4,0,15474408,15474694
3944,3944,4,0,15474409,15474695
3944,3944,4,0,15474410,15474696
3944,3944,4,0,15474411,15474697
3944,3944,4,0,15474412,15474698
3944,3944,4,0,15474413,15474699
3944,3944,4,0,15474414,15474700
3944,3944,4,0,15474415,15474701
3944,3944,4,0,15474416,15474702
3944,3944,4,0,15474417,15474703
3944,3944,4,0,15474418,15474704
3944,3944,4,0,15474419,15474705
3944,3944,4,0,15474420,15474706
3944,3944,4,0,15474421,15474707
3944,3944,4,0,15474422,15474708
3944,3944,4,0,15474423,15474709
3944,3944,4,0,15474424,15474710
3944,3944,4,0,15474425,15474711
3944,3944,4,0,15474426,15474712
3944,3944,4,0,15474427,15474713
3944,3944,4,0,15474428,15474714
3944,3944,4,0,15474429,15474715
3944,3944,4,0,15474430,15474716
3944,3944,4,0,15474431,15474667
3944,3944,4,0,15474432,15474668
3944,3944,4,0,15474433,15474669
3944,3944,4,0,15474434,15474670
3944,3944,4,0,15474435,15474671
3944,3944,4,0,15474436,15474672
3944,3944,4,0,15474437,15474673
3944,3944,4,0,15474438,15474674
3944,3944,4,0,15474439,15474675
3944,3944,4,0,15474492,15474753
3944,3944,4,0,15474493,15474754
3944,3944,4,0,15474494,15474755
3944,3944,4,0,15474495,15474756
3944,3944,4,0,15474496,15474757
3944,3944,4,0,15474497,15474771
3944,3944,4,0,15474498,15474772
3944,3944,4,0,15474499,15474774
3944,3944,4,0,15474500,15474775
3944,3944,4,0,15474501,15474773
3944,3944,4,0,15474502,15474776
3944,3944,4,0,15474503,15474777
3944,3944,4,0,15474504,15474778
3944,3944,4,0,15474505,15474779
3944,3944,4,0,15474506,15474780
3944,3944,4,0,15474507,15474781
3944,3944,4,0,15474508,15474782
3944,3944,4,0,15474509,15474758
3944,3944,4,0,15474510,15474759
3944,3944,4,0,15474511,15474760
3944,3944,4,0,15474512,15474761
3944,3944,4,0,15474513,15474762
3944,3944,4,0,15474514,15474763
3944,3944,4,0,15474515,15474764
3944,3944,4,0,15474516,15474765
3944,3944,4,0,15474517,15474766
3944,3944,4,0,15474518,15474767
3944,3944,4,0,15474519,15474768
3944,3944,4,0,15474520,15474769
3944,3944,4,0,15474521,15474770
3944,3944,4,0,15474522,15474783
3944,3944,4,0,15474523,15474751
3944,3944,4,0,15474524,15474752
3944,3944,4,0,15474559,15474838
3944,3944,4,0,15474560,15474815
3944,3944,4,0,15474561,15474816
3944,3944,4,0,15474562,15474817
3944,3944,4,0,15474563,15474818
3944,3944,4,0,15474564,15474819
3944,3944,4,0,15474565,15474820
3944,3944,4,0,15474566,15474821
3944,3944,4,0,15474567,15474822
3944,3944,4,0,15474568,15474823
3944,3944,4,0,15474569,15474824
3944,3944,4,0,15474570,15474825
3944,3944,4,0,15474571,15474826
3944,3944,4,0,15474572,15474835
3944,3944,4,0,15474573,15474836
3944,3944,4,0,15474574,15474837
3944,3944,4,0,15474575,15474839
3944,3944,4,0,15474576,15474813
3944,3944,4,0,15474577,15474814
3944,3944,4,0,15474578,15474827
3944,3944,4,0,15474579,15474828
3944,3944,4,0,15474580,15474829
3944,3944,4,0,15474581,15474830
3944,3944,4,0,15474582,15474831
3944,3944,4,0,15474583,15474832
3944,3944,4,0,15474584,15474833
3944,3944,4,0,15474585,15474834
3954,3314,0,240,,
3954,3333,2,300,,
3964,3944,2,180,,
3964,9255,2,300,,
3965,9255,0,240,,
3968,3979,0,240,,
397,397,0,240,,
397,63,0,240,,
3973,12028,0,240,,
3973,3801,0,240,,
3975,3198,0,240,,
3975,3784,2,300,,
3984,10138,2,300,,
40,11302,2,360,,
40,35,0,240,,
40,8019,2,480,,
40,8035,2,420,,
40,8039,2,300,,
4002,3995,2,300,,
4004,4004,0,240,,
4004,4052,2,300,,
4010,12735,2,360,,
4010,12736,2,360,,
4010,4010,0,240,,
4010,4045,2,300,,
4015,4015,0,240,,
4016,10882,2,300,,
4016,4016,0,240,,
4016,4018,2,360,,
4016,4054,0,240,,
4016,4055,2,360,,
4018,10882,2,300,,
4018,4053,2,360,,
4018,4228,0,240,,
4030,4030,0,240,,
4043,10882,2,300,,
4043,4053,2,360,,
4043,4228,0,240,,
4045,12735,2,360,,
4045,12736,2,360,,
4045,4045,0,240,,
405,2081,0,240,,
405,405,0,240,,
405,4879,2,480,,
405,4887,2,480,,
405,584,0,240,,
4050,4274,2,360,,
4052,4004,2,300,,
4052,4052,0,240,,
4055,4015,2,300,,
4055,4055,0,240,,
4061,12696,2,300,,
4061,4061,0,240,,
4061,4830,2,300,,
4065,4371,0,240,,
4065,4391,0,240,,
407,4887,2,360,,
407,542,2,360,,
4071,4116,0,240,,
4077,4077,0,240,,
4087,4131,0,240,,
409,12375,2,300,,
409,4496,2,360,,
409,8040,2,300,,
409,8535,0,240,,
409,9128,2,360,,
410,12375,2,420,,
410,410,0,240,,
4107,4080,2,300,,
4107,4107,0,240,,
4107,4168,2,300,,
4112,4144,2,300,,
4113,4074,2,300,,
4114,4073,0,240,,
4130,4100,0,240,,
4138,4123,2,300,,
4138,4164,2,300,,
414,2737,2,300,,
4141,4120,2,300,,
415,10513,2,360,,
4154,4154,4,0,15513391,15513428
4154,4154,4,0,15513392,15513429
4154,4154,4,0,15513393,15513431
4154,4154,4,0,15513394,15513432
4154,4154,4,0,15513395,15513433
4154,4154,4,0,15513396,15513430
4154,4154,4,0,15513397,15513434
4154,4154,4,0,15513398,15513435
4154,4154,4,0,15513399,15513436
4154,4154,4,0,15513400,15513437
4154,4154,4,0,15513401,15513438
4154,4154,4,0,15513402,15513439
4154,4154,4,0,15513403,15513440
4154,4154,4,0,15513404,15513441
4154,4154,4,0,15513405,15513442
4154,4154,4,0,15513406,15513444
4154,4154,4,0,15513407,15513445
4154,4154,4,0,15513408,15513446
4154,4154,4,0,15513409,15513447
4154,4154,4,0,15513410,15513448
4154,4154,4,0,15513411,15513449
4154,4154,4,0,15513412,15513450
4154,4154,4,0,15513413,15513451
4154,4154,4,0,15513414,15513452
4154,4154,4,0,15513415,15513453
4154,4154,4,0,15513416,15513454
4154,4154,4,0,15513417,15513455
4154,4154,4,0,15513418,15513456
4154,4154,4,0,15513419,15513457
4154,4154,4,0,15513420,15513458
4154,4154,4,0,15513421,15513459
4154,4154,4,0,15513422,15513460
4154,4154,4,0,15513423,15513461
4154,4154,4,0,15513424,15513462
4154,4154,4,0,15513425,15513463
4154,4154,4,0,15513426,15513464
4154,4154,4,0,15513427,15513465
4154,4154,4,0,15723525,15723558
4154,4154,4,0,15723526,15723559
4154,4154,4,0,15723527,15723560
4154,4154,4,0,15723528,15723561
4154,4154,4,0,15723529,15723562
4154,4154,4,0,15723530,15723563
4154,4154,4,0,15723531,15723564
4154,4154,4,0,15723532,15723565
4154,4154,4,0,15723533,15723566
4154,4154,4,0,15723534,15723567
4154,4154,4,0,15723535,15723568
4154,4154,4,0,15723536,15723569
4154,4154,4,0,15723537,15723570
4154,4154,4,0,15723538,15723571
4154,4154,4,0,15723539,15723572
4154,4154,4,0,15723540,15723573
4154,4154,4,0,15723541,15723574
4154,4154,4,0,15723542,15723575
4154,4154,4,0,15723543,15723576
4154,4154,4,0,15723544,15723577
4154,4154,4,0,15723545,15723578
4154,4154,4,0,15723546,15723579
4154,4154,4,0,15723547,15723580
4154,4154,4,0,15723548,15723581
4154,4154,4,0,15723549,15723582
4154,4154,4,0,15723550,15723583
4154,4154,4,0,15723551,15723584
4154,4154,4,0,15723552,15723585
4154,4154,4,0,15723553,15723586
4154,4154,4,0,15723554,15723587
4154,4154,4,0,15723555,15723588
4154,4154,4,0,15723556,15723589
4154,4154,4,0,15723557,15723590
4154,4154,4,0,15723836,15723866
4154,4154,4,0,15723837,15723867
4154,4154,4,0,15723838,15723868
4154,4154,4,0,15723839,15723869
4154,4154,4,0,15723840,15723870
4154,4154,4,0,15723841,15723871
4154,4154,4,0,15723842,15723872
4154,4154,4,0,15723843,15723873
4154,4154,4,0,15723844,15723874
4154,4154,4,0,15723845,15723875
4154,4154,4,0,15723846,15723876
4154,4154,4,0,15723847,15723877
4154,4154,4,0,15723848,15723878
4154,4154,4,0,15723849,15723879
4154,4154,4,0,15723850,15723880
4154,4154,4,0,15723851,15723881
4154,4154,4,0,15723852,15723882
4154,4154,4,0,15723853,15723883
4154,4154,4,0,15723854,15723884
4154,4154,4,0,15723855,15723885
4154,4154,4,0,15723856,15723886
4154,4154,4,0,15723857,15723887
4154,4154,4,0,15723858,15723888
4154,4154,4,0,15723859,15723889
4154,4154,4,0,15723860,15723890
4154,4154,4,0,15723861,15723891
4154,4154,4,0,15723862,15723892
4154,4154,4,0,15723863,15723893
4154,4154,4,0,15723864,15723894
4154,4154,4,0,15723865,15723895
4188,4365,2,300,,
4189,4201,2,300,,
419,11019,0,240,,
419,419,0,240,,
419,483,0,240,,
4190,4190,0,240,,
4191,4191,0,240,,
4191,4243,0,240,,
4191,4301,0,240,,
4194,3994,2,300,,
4204,12687,2,300,,
4204,4186,2,300,,
4204,4212,0,240,,
4205,12687,2,300,,
4218,4371,0,240,,
4218,4391,2,360,,
4220,11263,2,300,,
4224,4061,2,300,,
4228,10879,0,240,,
4228,10882,0,240,,
4228,4018,0,240,,
4228,4228,0,240,,
423,11280,2,300,,
423,11281,2,300,,
423,1525,0,240,,
423,1586,0,240,,
4239,4231,0,240,,
4239,4239,0,240,,
4242,10865,0,240,,
4242,10867,0,240,,
4242,12693,0,240,,
4242,4242,0,240,,
4242,4459,0,240,,
4242,4471,0,240,,
4242,4568,0,240,,
4242,8037,0,240,,
4242,989,0,240,,
4243,4191,0,240,,
4243,4243,0,240,,
4243,4301,0,240,,
4243,4514,0,240,,
4295,4249,0,240,,
4295,4295,0,240,,
4296,4248,0,240,,
4297,4247,0,240,,
4301,4191,0,240,,
4301,4243,0,240,,
4301,4301,0,240,,
4301,4514,0,240,,
4304,4304,0,240,,
4319,4319,0,240,,
4323,4304,0,240,,
4324,4398,0,240,,
4326,4326,0,240,,
4329,4427,2,300,,
4329,4500,2,300,,
4336,4360,2,360,,
4341,4342,0,240,,
4346,4347,2,600,,
4346,4419,2,480,,
4347,4347,0,240,,
4355,4355,0,240,,
4355,8605,0,240,,
4360,4560,2,420,,
4360,4569,2,300,,
437,437,0,240,,
4371,4065,0,240,,
4371,4218,0,240,,
4371,4371,0,240,,
4384,4052,2,300,,
4384,4384,0,240,,
4403,4560,2,420,,
4403,4569,2,300,,
4407,4537,2,300,,
4412,4599,2,360,,
4414,4353,2,360,,
4414,4414,0,240,,
4416,4350,0,240,,
4427,4329,0,240,,
4427,4427,0,240,,
4427,4500,2,420,,
4429,9944,2,300,,
4440,4440,0,240,,
4443,4443,0,240,,
4447,4534,2,360,,
4448,4448,0,240,,
4456,11367,0,240,,
4456,4456,0,240,,
4459,10866,0,240,,
4459,10867,0,240,,
4459,12693,0,240,,
4459,4242,0,240,,
4459,4471,0,240,,
4459,4568,0,240,,
4459,8037,0,240,,
4459,989,0,240,,
4461,10947,0,240,,
4461,4461,0,240,,
4463,11639,2,360,,
4463,11645,2,300,,
4463,12683,2,300,,
4463,4463,0,240,,
4468,11708,2,360,,
4471,10865,0,240,,
4471,10867,0,240,,
4471,4242,2,120,,
4471,4459,0,240,,
4471,8037,2,120,,
4471,989,2,120,,
449,450,2,360,,
4491,10947,0,240,,
4491,4461,0,240,,
4491,4491,0,240,,
4491,4660,0,240,,
4496,44,2,300,,
4496,8535,2,300,,
4500,4329,2,300,,
4504,4504,0,240,,
4504,4517,0,240,,
4505,4505,0,240,,
4505,4516,0,240,,
4506,4506,0,240,,
4514,4191,0,240,,
4514,4243,0,240,,
4514,4301,0,240,,
4517,4504,0,240,,
4517,4517,0,240,,
453,493,2,360,,
4551,4551,4,0,15513960,15514117
4551,4551,4,0,15513961,15514118
4551,4551,4,0,15513962,15514119
4551,4551,4,0,15513963,15514120
4551,4551,4,0,15513964,15514121
4551,4551,4,0,15513965,15514122
4551,4551,4,0,15513966,15514123
4551,4551,4,0,15513967,15514124
4551,4551,4,0,15513968,15514125
4551,4551,4,0,15513969,15514126
4551,4551,4,0,15513970,15514127
4551,4551,4,0,15513971,15514128
4551,4551,4,0,15513972,15514129
4551,4551,4,0,15513973,15514130
4551,4551,4,0,15513974,15514131
4551,4551,4,0,15513975,15514132
4551,4551,4,0,15513976,15514133
4551,4551,4,0,15513977,15514134
4551,4551,4,0,15513978,15514135
4551,4551,4,0,15513979,15514136
4551,4551,4,0,15513980,15514137
4551,4551,4,0,15513981,15514138
4551,4551,4,0,15513982,15514139
4551,4551,4,0,15513983,15514140
4551,4551,4,0,15513984,15514141
4551,4551,4,0,15513985,15514142
4551,4551,4,0,15513986,15514143
4551,4551,4,0,15513987,15514144
4551,4551,4,0,15513988,15514145
4551,4551,4,0,15513989,15514146
4551,4551,4,0,15513990,15514147
4551,4551,4,0,15513991,15514147
4551,4551,4,0,15513992,15514148
4551,4551,4,0,15513993,15514149
4551,4551,4,0,15513994,15514149
4551,4551,4,0,15513995,15514150
4551,4551,4,0,15513996,15514151
4551,4551,4,0,15513997,15514152
4551,4551,4,0,15513998,15514153
4551,4551,4,0,15513999,15514154
4551,4551,4,0,15514000,15514155
4551,4551,4,0,15514001,15514156
4551,4551,4,0,15514002,15514157
4551,4551,4,0,15514003,15514158
4551,4551,4,0,15514004,15514159
4551,4551,4,0,15514005,15514160
4551,4551,4,0,15514006,15514161
4551,4551,4,0,15514007,15514162
4551,4551,4,0,15514008,15514163
4551,4551,4,0,15514009,15514164
4551,4551,4,0,15516058,15516140
4551,4551,4,0,15516059,15516141
4551,4551,4,0,15516060,15516142
4551,4551,4,0,15516061,15516143
4551,4551,4,0,15516062,15516144
4551,4551,4,0,15516063,15516145
4551,4551,4,0,15516064,15516146
4551,4551,4,0,15516065,15516147
4551,4551,4,0,15516066,15516148
4551,4551,4,0,15516067,15516149
4551,4551,4,0,15516068,15516150
4551,4551,4,0,15516069,15516151
4551,4551,4,0,15516070,15516152
4551,4551,4,0,15516071,15516153
4551,4551,4,0,15516072,15516154
4551,4551,4,0,15516073,15516155
4551,4551,4,0,15516074,15516156
4551,4551,4,0,15516075,15516157
4551,4551,4,0,15516076,15516158
4551,4551,4,0,15516077,15516159
4551,4551,4,0,15516078,15516160
4551,4551,4,0,15516079,15516161
4551,4551,4,0,15516080,15516162
4551,4551,4,0,15516081,15516163
4551,4551,4,0,15516082,15516164
4551,4551,4,0,15516083,15516165
4551,4551,4,0,15517059,15517160
4551,4551,4,0,15517060,15517161
4551,4551,4,0,15517061,15517162
4551,4551,4,0,15517062,15517163
4551,4551,4,0,15517063,15517164
4551,4551,4,0,15517064,15517165
4551,4551,4,0,15517065,15517166
4551,4551,4,0,15517066,15517167
4551,4551,4,0,15517067,15517168
4551,4551,4,0,15517068,15517169
4551,4551,4,0,15517069,15517170
4551,4551,4,0,15517070,15517171
4551,4551,4,0,15517071,15517172
4551,4551,4,0,15517072,15517173
4551,4551,4,0,15517073,15517174
4551,4551,4,0,15517074,15517175
4551,4551,4,0,15517075,15517176
4551,4551,4,0,15517076,15517177
4551,4551,4,0,15517077,15517178
4551,4551,4,0,15517078,15517179
4551,4551,4,0,15517079,15517180
4551,4551,4,0,15517080,15517181
4551,4551,4,0,15517081,15517182
4551,4551,4,0,15517082,15517183
4551,4551,4,0,15517083,15517184
4551,4551,4,0,15517084,15517185
4551,4551,4,0,15517085,15517186
4551,4551,4,0,15517086,15517187
4551,4551,4,0,15517087,15517188
4551,4551,4,0,15517088,15517189
4551,4551,4,0,15517089,15517190
4551,4551,4,0,15517090,15517191
4551,4551,4,0,15517091,15517192
4560,4360,2,480,,
4568,10867,0,240,,
4568,4242,2,120,,
4568,4459,0,240,,
4568,4471,0,240,,
4568,4568,2,120,,
4568,8037,2,120,,
4568,989,0,240,,
4569,4403,2,300,,
4579,4579,4,0,15514068,15514010
4579,4579,4,0,15514069,15514011
4579,4579,4,0,15514070,15514012
4579,4579,4,0,15514071,15514013
4579,4579,4,0,15514072,15514014
4579,4579,4,0,15514073,15514015
4579,4579,4,0,15514074,15514016
4579,4579,4,0,15514075,15514017
4579,4579,4,0,15514076,15514018
4579,4579,4,0,15514077,15514019
4579,4579,4,0,15514078,15514020
4579,4579,4,0,15514079,15514021
4579,4579,4,0,15514080,15514022
4579,4579,4,0,15514081,15514023
4579,4579,4,0,15514082,15514024
4579,4579,4,0,15514083,15514025
4579,4579,4,0,15514084,15514026
4579,4579,4,0,15514085,15514027
4579,4579,4,0,15514086,15514028
4579,4579,4,0,15514087,15514029
4579,4579,4,0,15514088,15514030
4579,4579,4,0,15514089,15514031
4579,4579,4,0,15514090,15514032
4579,4579,4,0,15514091,15514033
4579,4579,4,0,15514092,15514034
4579,4579,4,0,15514093,15514035
4579,4579,4,0,15514094,15514036
4579,4579,4,0,15514095,15514037
4579,4579,4,0,15514096,15514038
4579,4579,4,0,15514097,15514039
4579,4579,4,0,15514098,15514039
4579,4579,4,0,15514099,15514040
4579,4579,4,0,15514100,15514041
4579,4579,4,0,15514101,15514042
4579,4579,4,0,15514102,15514043
4579,4579,4,0,15514103,15514044
4579,4579,4,0,15514104,15514045
4579,4579,4,0,15514105,15514046
4579,4579,4,0,15514106,15514047
4579,4579,4,0,15514107,15514048
4579,4579,4,0,15514108,15514049
4579,4579,4,0,15514109,15514050
4579,4579,4,0,15514110,15514051
4579,4579,4,0,15514111,15514052
4579,4579,4,0,15514112,15514053
4579,4579,4,0,15514113,15514054
4579,4579,4,0,15514114,15514055
4579,4579,4,0,15514115,15514056
4579,4579,4,0,15514116,15514057
4579,4579,4,0,15516112,15516084
4579,4579,4,0,15516113,15516085
4579,4579,4,0,15516114,15516086
4579,4579,4,0,15516115,15516087
4579,4579,4,0,15516116,15516088
4579,4579,4,0,15516117,15516089
4579,4579,4,0,15516118,15516090
4579,4579,4,0,15516119,15516091
4579,4579,4,0,15516120,15516092
4579,4579,4,0,15516121,15516093
4579,4579,4,0,15516122,15516094
4579,4579,4,0,15516123,15516095
4579,4579,4,0,15516124,15516096
4579,4579,4,0,15516125,15516097
4579,4579,4,0,15516126,15516098
4579,4579,4,0,15516127,15516099
4579,4579,4,0,15516128,15516100
4579,4579,4,0,15516129,15516101
4579,4579,4,0,15516130,15516102
4579,4579,4,0,15516131,15516103
4579,4579,4,0,15516132,15516104
4579,4579,4,0,15516133,15516105
4579,4579,4,0,15516134,15516106
4579,4579,4,0,15516135,15516107
4579,4579,4,0,15516136,15516108
4579,4579,4,0,15516137,15516109
4579,4579,4,0,15516138,15516110
4579,4579,4,0,15516139,15516111
4579,4579,4,0,15517126,15517092
4579,4579,4,0,15517127,15517093
4579,4579,4,0,15517128,15517094
4579,4579,4,0,15517129,15517095
4579,4579,4,0,15517130,15517096
4579,4579,4,0,15517131,15517097
4579,4579,4,0,15517132,15517098
4579,4579,4,0,15517133,15517099
4579,4579,4,0,15517134,15517100
4579,4579,4,0,15517135,15517101
4579,4579,4,0,15517136,15517102
4579,4579,4,0,15517137,15517103
4579,4579,4,0,15517138,15517104
4579,4579,4,0,15517139,15517105
4579,4579,4,0,15517140,15517106
4579,4579,4,0,15517141,15517107
4579,4579,4,0,15517142,15517108
4579,4579,4,0,15517143,15517109
4579,4579,4,0,15517144,15517110
4579,4579,4,0,15517145,15517111
4579,4579,4,0,15517146,15517112
4579,4579,4,0,15517147,15517113
4579,4579,4,0,15517148,15517114
4579,4579,4,0,15517149,15517115
4579,4579,4,0,15517150,15517116
4579,4579,4,0,15517151,15517117
4579,4579,4,0,15517152,15517118
4579,4579,4,0,15517153,15517119
4579,4579,4,0,15517154,15517120
4579,4579,4,0,15517155,15517121
4579,4579,4,0,15517156,15517122
4579,4579,4,0,15517157,15517123
4579,4579,4,0,15517158,15517124
4579,4579,4,0,15517159,15517125
4599,4447,0,240,,
4599,4599,0,240,,
460,1522,0,240,,
460,1589,0,240,,
4608,13101,0,240,,
4608,4608,0,240,,
4629,4689,0,240,,
463,11014,2,300,,
463,11021,0,240,,
4640,4678,0,240,,
4642,12163,2,300,,
4644,4644,0,240,,
4644,4674,0,240,,
4647,4647,0,240,,
4647,4670,0,240,,
4652,4665,0,240,,
4654,4654,0,240,,
4654,4832,0,240,,
4656,10947,2,420,,
4656,4461,2,420,,
4656,4656,0,240,,
4660,10947,0,240,,
4660,4491,0,240,,
4674,4644,0,240,,
4674,4674,0,240,,
4722,10819,0,240,,
4722,10823,0,240,,
4734,8636,0,240,,
4750,10819,0,240,,
4750,10823,0,240,,
4756,10328,2,300,,
4756,4756,4,0,15724339,15724323
4756,4756,4,0,15724340,15724324
4756,4756,4,0,15724341,15724325
4756,4756,4,0,15724342,15724326
4756,4756,4,0,15724343,15724327
4756,4756,4,0,15724344,15724328
4756,4756,4,0,15724345,15724329
4756,4756,4,0,15724346,15724330
4756,4756,4,0,15724347,15724331
4756,4756,4,0,15724348,15724332
4756,4756,4,0,15724349,15724333
4756,4756,4,0,15724350,15724334
4756,4756,4,0,15724351,15724335
4756,4756,4,0,15724352,15724336
4756,4756,4,0,15724353,15724337
4756,4756,4,0,15724354,15724338
4756,4756,4,0,15724673,15724658
4756,4756,4,0,15724674,15724659
4756,4756,4,0,15724675,15724660
4756,4756,4,0,15724676,15724661
4756,4756,4,0,15724677,15724662
4756,4756,4,0,15724678,15724663
4756,4756,4,0,15724679,15724664
4756,4756,4,0,15724680,15724665
4756,4756,4,0,15724681,15724666
4756,4756,4,0,15724682,15724667
4756,4756,4,0,15724683,15724668
4756,4756,4,0,15724684,15724669
4756,4756,4,0,15724685,15724670
4756,4756,4,0,15724686,15724671
4756,4756,4,0,15724687,15724672
4756,4756,4,0,15725391,15725366
4756,4756,4,0,15725392,15725367
4756,4756,4,0,15725393,15725368
4756,4756,4,0,15725394,15725369
4756,4756,4,0,15725395,15725370
4756,4756,4,0,15725396,15725371
4756,4756,4,0,15725397,15725372
4756,4756,4,0,15725398,15725373
4756,4756,4,0,15725399,15725374
4756,4756,4,0,15725400,15725375
4756,4756,4,0,15725401,15725376
4756,4756,4,0,15725402,15725378
4756,4756,4,0,15725403,15725379
4756,4756,4,0,15725404,15725380
4756,4756,4,0,15725405,15725381
4756,4756,4,0,15725406,15725382
4756,4756,4,0,15725407,15725383
4756,4756,4,0,15725408,15725384
4756,4756,4,0,15725409,15725385
4756,4756,4,0,15725410,15725386
4756,4756,4,0,15725411,15725387
4756,4756,4,0,15725412,15725388
4756,4756,4,0,15725413,15725389
4756,4756,4,0,15725414,15725390
48,11563,2,300,,
48,98,0,240,,
4817,4817,4,0,15724355,15724371
4817,4817,4,0,15724356,15724372
4817,4817,4,0,15724357,15724373
4817,4817,4,0,15724358,15724374
4817,4817,4,0,15724359,15724375
4817,4817,4,0,15724360,15724376
4817,4817,4,0,15724361,15724377
4817,4817,4,0,15724362,15724378
4817,4817,4,0,15724363,15724379
4817,4817,4,0,15724364,15724380
4817,4817,4,0,15724365,15724381
4817,4817,4,0,15724366,15724382
4817,4817,4,0,15724367,15724383
4817,4817,4,0,15724368,15724384
4817,4817,4,0,15724369,15724385
4817,4817,4,0,15724370,15724386
4817,4817,4,0,15724688,15724702
4817,4817,4,0,15724689,15724703
4817,4817,4,0,15724690,15724704
4817,4817,4,0,15724691,15724705
4817,4817,4,0,15724692,15724706
4817,4817,4,0,15724693,15724707
4817,4817,4,0,15724694,15724708
4817,4817,4,0,15724695,15724709
4817,4817,4,0,15724696,15724710
4817,4817,4,0,15724697,15724711
4817,4817,4,0,15724698,15724712
4817,4817,4,0,15724699,15724713
4817,4817,4,0,15724700,15724714
4817,4817,4,0,15724701,15724715
4817,4817,4,0,15725419,15725442
4817,4817,4,0,15725420,15725443
4817,4817,4,0,15725421,15725444
4817,4817,4,0,15725422,15725445
4817,4817,4,0,15725423,15725446
4817,4817,4,0,15725424,15725447
4817,4817,4,0,15725425,15725448
4817,4817,4,0,15725426,15725450
4817,4817,4,0,15725427,15725449
4817,4817,4,0,15725428,15725451
4817,4817,4,0,15725429,15725452
4817,4817,4,0,15725430,15725453
4817,4817,4,0,15725431,15725454
4817,4817,4,0,15725432,15725455
4817,4817,4,0,15725433,15725456
4817,4817,4,0,15725434,15725457
4817,4817,4,0,15725435,15725458
4817,4817,4,0,15725436,15725459
4817,4817,4,0,15725437,15725460
4830,4061,2,300,,
4830,4830,0,240,,
4845,12939,2,420,,
4845,4845,0,240,,
4845,4939,0,240,,
4845,5093,0,240,,
4845,5230,0,240,,
4845,5244,0,240,,
4845,5553,0,240,,
4845,5997,0,240,,
4845,6080,0,240,,
4845,6455,0,240,,
485,12713,2,300,,
485,418,2,300,,
485,485,0,240,,
4879,405,2,480,,
4879,407,2,300,,
4879,542,2,360,,
4879,584,2,600,,
4881,10399,2,300,,
4881,11706,0,240,,
4881,13126,2,360,,
4881,4495,2,420,,
4881,4496,2,420,,
4881,4881,0,240,,
4881,8041,2,420,,
4881,9129,2,480,,
4882,11272,2,420,,
4882,4882,0,240,,
4887,4887,0,240,,
4915,11826,2,360,,
4915,4849,2,300,,
4917,12939,2,300,,
4917,4846,2,300,,
4917,4917,0,240,,
4917,5093,2,420,,
4925,5567,2,360,,
4925,5615,0,240,,
4928,4928,0,240,,
4928,9961,0,240,,
4929,4929,0,240,,
4933,5567,0,240,,
4933,5615,0,240,,
4936,11121,0,240,,
4936,4922,2,300,,
4936,6081,2,300,,
4939,4845,0,240,,
4939,4939,0,240,,
4939,5093,0,240,,
4939,5230,0,240,,
4939,5244,0,240,,
4939,5553,0,240,,
4939,5997,0,240,,
4939,6080,0,240,,
4939,6455,0,240,,
4949,5019,0,240,,
4949,5074,0,240,,
4950,11627,2,600,,
4950,11630,2,420,,
4960,4960,0,240,,
4960,4972,2,180,,
4960,4973,2,120,,
4961,12794,2,300,,
4961,12943,2,300,,
4961,4961,0,240,,
4961,4962,0,240,,
4961,4972,0,240,,
4962,12794,2,300,,
4962,4961,0,240,,
4962,4962,0,240,,
4962,4972,0,240,,
4965,10896,2,300,,
4965,12047,2,300,,
497,442,2,360,,
497,497,0,240,,
497,676,2,300,,
497,955,2,600,,
4972,12794,0,240,,
4972,12943,2,300,,
4972,4961,0,240,,
4972,4962,0,240,,
4972,4972,0,240,,
498,441,2,300,,
4981,11630,2,480,,
4982,11627,2,480,,
4984,5019,0,240,,
4984,5074,0,240,,
5003,8615,2,360,,
5004,5009,2,300,,
5007,11895,0,240,,
5007,5007,0,240,,
5007,5007,4,0,15482923,15482901
5007,5007,4,0,15482924,15482903
5007,5007,4,0,15482926,15482905
5007,5007,4,0,15482928,15482908
5007,5007,4,0,15482929,15482910
5007,5007,4,0,15482930,15482902
5007,5007,4,0,15482931,15482909
5007,5007,4,0,15482932,15482900
5007,5007,4,0,15482933,15482899
5007,5007,4,0,15482935,15482897
5007,5007,4,0,15482938,15482904
5007,5007,4,0,15482940,15482907
5007,5007,4,0,15482942,15482898
5007,5007,4,0,15482945,15482911
5007,5007,4,0,15482946,15482906
5007,5007,4,0,15482947,15482917
5007,5007,4,0,15482973,15482952
5007,5007,4,0,15482975,15482968
5007,5007,4,0,15482976,15482957
5007,5007,4,0,15482977,15482966
5007,5007,4,0,15482978,15482969
5007,5007,4,0,15482980,15482959
5007,5007,4,0,15482981,15482954
5007,5007,4,0,15482986,15482955
5007,5007,4,0,15482987,15482964
5015,11628,2,480,,
5015,11629,2,480,,
5019,4949,0,240,,
5019,4984,0,240,,
5019,5019,0,240,,
5019,5074,0,240,,
5021,5104,0,240,,
5021,5140,0,240,,
5023,5256,2,420,,
5024,5024,0,240,,
5024,5068,2,300,,
5025,11127,2,300,,
5025,11130,2,300,,
5025,5025,0,240,,
5029,5029,0,240,,
503,1244,0,240,,
503,503,0,240,,
5034,5656,0,240,,
5034,5678,2,300,,
5037,5719,0,240,,
5037,5725,0,240,,
5039,5039,0,240,,
5040,5039,2,360,,
5040,5050,2,300,,
5040,5794,2,360,,
5040,8351,2,360,,
5042,12155,0,240,,
5042,12695,0,240,,
5042,12916,0,240,,
5042,5042,0,240,,
5042,6468,2,480,,
5042,8059,0,240,,
5052,5719,0,240,,
5052,5725,0,240,,
5055,5656,0,240,,
5055,5678,0,240,,
5059,11701,2,360,,
5065,12938,2,300,,
5065,12942,2,300,,
5065,5028,0,240,,
5065,5255,0,240,,
5066,5066,0,240,,
5067,11127,2,300,,
5067,11130,2,300,,
5067,5067,0,240,,
5069,5069,0,240,,
5069,5250,0,240,,
5072,5104,0,240,,
5072,5140,0,240,,
5074,4949,0,240,,
5074,4984,0,240,,
5077,11629,2,480,,
5104,5021,0,240,,
5104,5072,0,240,,
5111,5059,0,240,,
5117,5659,0,240,,
5117,5675,0,240,,
5119,5119,0,240,,
5119,5125,0,240,,
5119,5723,0,240,,
512,1244,2,600,,
5122,10880,0,240,,
5122,10881,2,300,,
5122,11764,0,240,,
5122,11882,0,240,,
5122,5045,0,240,,
5122,5122,0,240,,
5122,5262,0,240,,
5122,5494,0,240,,
5122,5667,0,240,,
5122,5768,0,240,,
5122,5769,0,240,,
5122,5793,0,240,,
5122,5891,0,240,,
5122,6467,0,240,,
5124,5124,0,240,,
5124,5721,2,300,,
5127,5659,0,240,,
5127,5675,0,240,,
5138,11128,0,240,,
5138,11129,0,240,,
5140,5021,0,240,,
5140,5072,0,240,,
5148,5148,0,240,,
5148,5252,0,240,,
5148,5890,2,120,,
5148,6458,0,240,,
5148,7639,2,120,,
5176,5188,0,240,,
5176,5900,0,240,,
5180,11664,2,480,,
5180,5180,0,240,,
5180,5183,2,360,,
5180,5815,2,360,,
5180,9720,0,240,,
5183,11664,2,300,,
5183,5180,2,240,,
5183,5183,0,240,,
5183,5815,2,300,,
5183,9720,2,480,,
5187,5187,0,240,,
5216,6727,0,240,,
5216,6736,2,120,,
5216,7468,0,240,,
5216,7591,2,120,,
5216,7635,0,240,,
5230,4845,0,240,,
5230,4939,0,240,,
5230,5093,0,240,,
5230,5244,0,240,,
5230,5553,0,240,,
5230,6080,0,240,,
5230,6455,0,240,,
5242,5218,2,360,,
5242,6728,0,240,,
5242,6738,0,240,,
5250,5069,2,300,,
5250,5250,0,240,,
5250,5256,0,240,,
5250,5869,0,240,,
5252,5148,0,240,,
5252,6458,2,120,,
5256,5069,0,240,,
5256,5250,0,240,,
5256,5256,0,240,,
5256,5869,0,240,,
5274,5419,0,240,,
5274,6060,2,300,,
5275,5275,0,240,,
5275,5419,2,360,,
5285,5285,0,240,,
5285,5410,0,240,,
5285,6113,0,240,,
5287,11592,2,360,,
5287,5287,0,240,,
5287,5805,0,240,,
5287,5826,0,240,,
5288,11592,2,360,,
5288,5805,0,240,,
5288,5826,0,240,,
5295,5919,0,240,,
5295,5960,0,240,,
5311,5311,0,240,,
5323,5323,0,240,,
5332,11331,2,300,,
5332,13056,2,300,,
5335,11754,2,360,,
5335,5381,2,300,,
5336,5336,0,240,,
5336,7100,2,300,,
5336,8989,2,600,,
5341,11775,0,240,,
5341,5365,0,240,,
5341,5376,0,240,,
5342,5364,0,240,,
5350,5350,0,240,,
5350,9412,2,300,,
5352,12173,2,300,,
5352,5352,0,240,,
5352,7095,0,240,,
5352,7166,0,240,,
5352,7207,0,240,,
5352,7214,0,240,,
5352,7259,0,240,,
5354,5354,0,240,,
5358,5346,2,300,,
5359,5359,0,240,,
5360,5345,0,240,,
5360,7150,2,360,,
5360,7169,2,300,,
5374,5374,0,240,,
5381,5381,0,240,,
5389,10671,0,240,,
5389,5325,0,240,,
5389,5389,0,240,,
5404,10163,2,420,,
5404,10642,0,240,,
5404,5404,0,240,,
5410,5285,0,240,,
5410,6113,2,300,,
542,4887,0,240,,
5428,5428,0,240,,
5431,5431,0,240,,
5431,5548,2,360,,
5431,6089,2,360,,
5435,5435,0,240,,
5436,11704,0,240,,
5436,5436,0,240,,
5436,5542,0,240,,
5436,6139,0,240,,
5436,6174,0,240,,
5436,6340,2,300,,
5436,8854,0,240,,
5437,5437,0,240,,
5445,5445,0,240,,
5446,5526,2,360,,
5446,5528,2,360,,
5448,5524,2,300,,
5448,6186,2,300,,
545,11403,2,300,,
545,218,2,360,,
545,329,2,300,,
545,545,0,240,,
545,9136,0,240,,
5456,11074,0,240,,
5456,5456,0,240,,
5456,5516,2,300,,
5456,6459,0,240,,
5458,5514,2,300,,
5458,5703,2,360,,
5463,5463,0,240,,
5463,5510,2,300,,
5463,5634,2,300,,
5463,5744,2,300,,
5464,11858,0,240,,
5464,11860,0,240,,
5464,11861,0,240,,
5464,5464,0,240,,
5464,5509,0,240,,
5464,5593,0,240,,
5464,5633,0,240,,
5464,5700,0,240,,
5464,5743,0,240,,
5464,6000,0,240,,
5464,6077,0,240,,
5474,11077,2,300,,
5474,11078,2,300,,
549,10966,0,240,,
549,10967,2,360,,
5494,10880,2,120,,
5494,11764,2,300,,
5494,11882,0,240,,
5494,5045,2,120,,
5494,5122,2,120,,
5494,5262,2,120,,
5494,5667,2,120,,
5494,5768,2,120,,
5494,5769,2,120,,
5494,5793,2,120,,
5494,6467,2,120,,
5498,11077,2,360,,
5498,11078,2,360,,
55,55,0,240,,
5505,5638,2,300,,
5505,5697,2,360,,
5507,5507,0,240,,
5509,11858,0,240,,
5509,11860,0,240,,
5509,11861,0,240,,
5509,12949,0,240,,
5509,5464,0,240,,
5509,5509,0,240,,
5509,5593,0,240,,
5509,5633,0,240,,
5509,5700,0,240,,
5509,5743,0,240,,
5509,6000,0,240,,
5509,6077,0,240,,
5514,5514,0,240,,
5516,11074,0,240,,
5516,6459,0,240,,
5528,5446,0,240,,
5528,5528,0,240,,
5531,6094,2,300,,
5532,5444,2,300,,
5533,9021,2,300,,
5535,11755,0,240,,
5535,5441,0,240,,
5538,5538,0,240,,
5539,5539,0,240,,
5540,6341,0,240,,
5542,11704,0,240,,
5542,13013,0,240,,
5542,5542,0,240,,
5542,6088,0,240,,
5542,6174,0,240,,
5542,6195,2,360,,
5542,6340,2,300,,
5543,11704,2,420,,
5543,13013,2,420,,
5543,5436,2,300,,
5543,5543,0,240,,
5543,6139,0,240,,
5543,6174,2,360,,
5543,6195,2,300,,
5543,6340,2,300,,
5543,8854,2,360,,
5547,5432,2,300,,
5547,5547,0,240,,
5547,6321,2,360,,
5553,4845,0,240,,
5553,4939,0,240,,
5553,5093,2,120,,
5553,5230,0,240,,
5553,5244,0,240,,
5553,5997,2,120,,
5553,6080,2,120,,
5553,6455,0,240,,
5555,5555,0,240,,
5557,12944,2,300,,
5557,12945,2,360,,
5557,5557,0,240,,
5557,5628,2,360,,
5557,5629,0,240,,
5561,11122,0,240,,
5561,5583,0,240,,
5567,4925,0,240,,
5567,4933,0,240,,
5583,11122,0,240,,
5583,5561,0,240,,
5583,5583,0,240,,
5583,5623,0,240,,
5585,5621,0,240,,
5585,6464,0,240,,
5588,5588,0,240,,
5591,5596,0,240,,
5591,5706,2,300,,
5591,6078,0,240,,
5593,11858,0,240,,
5593,11860,0,240,,
5593,11861,2,300,,
5593,12949,0,240,,
5593,5464,0,240,,
5593,5509,0,240,,
5593,5593,0,240,,
5593,5633,0,240,,
5593,5700,0,240,,
5593,5743,0,240,,
5593,6000,0,240,,
5593,6077,0,240,,
5596,5591,2,300,,
5596,5596,0,240,,
5596,6078,2,300,,
56,11016,0,240,,
56,114,0,240,,
5601,5621,0,240,,
5601,6464,0,240,,
5615,4925,2,360,,
5615,4933,0,240,,
5621,5585,0,240,,
5621,5601,0,240,,
5623,11122,0,240,,
5623,5561,0,240,,
5623,5583,0,240,,
5623,5623,0,240,,
5628,12944,2,360,,
5628,12945,2,360,,
5628,5629,0,240,,
5629,12944,2,300,,
5629,5557,0,240,,
5629,5628,0,240,,
5631,5631,0,240,,
5633,11858,0,240,,
5633,11860,0,240,,
5633,11861,0,240,,
5633,12949,0,240,,
5633,5464,0,240,,
5633,5593,0,240,,
5633,5700,0,240,,
5633,5743,0,240,,
5633,6000,0,240,,
5633,6077,0,240,,
5637,5467,2,300,,
5641,5708,0,240,,
5641,5737,0,240,,
5644,5690,0,240,,
5644,6462,0,240,,
5651,11131,0,240,,
5651,11132,0,240,,
5656,5034,0,240,,
5656,5055,0,240,,
5659,5117,0,240,,
5659,5127,0,240,,
5661,5673,2,300,,
5661,5837,0,240,,
5664,5670,0,240,,
5664,5722,2,300,,
5665,5665,0,240,,
5665,5668,0,240,,
5666,5668,2,300,,
5675,5117,0,240,,
5675,5127,0,240,,
5678,5034,0,240,,
5678,5055,0,240,,
5683,11131,0,240,,
5683,11132,0,240,,
569,110,0,240,,
569,59,2,300,,
569,60,2,300,,
5693,5708,2,300,,
5693,5737,0,240,,
5697,5467,2,360,,
5700,11858,0,240,,
5700,11860,0,240,,
5700,11861,2,300,,
5700,12949,0,240,,
5700,5464,0,240,,
5700,5509,0,240,,
5700,5593,0,240,,
5700,5633,0,240,,
5700,5700,0,240,,
5700,5743,0,240,,
5700,6000,0,240,,
5700,6077,0,240,,
5706,6078,0,240,,
5708,5641,0,240,,
5708,5693,2,300,,
5715,11133,0,240,,
5715,11134,0,240,,
5719,5037,0,240,,
5719,5052,0,240,,
5725,5037,0,240,,
5725,5052,0,240,,
5729,11133,0,240,,
5729,11134,0,240,,
5737,5641,2,300,,
5737,5693,0,240,,
5741,5703,2,300,,
5743,5509,0,240,,
5756,11135,0,240,,
5756,5756,0,240,,
5756,5781,0,240,,
5756,5797,0,240,,
5761,5761,0,240,,
5761,5777,0,240,,
5761,5796,2,360,,
5762,13052,0,240,,
5769,10880,0,240,,
5769,10881,0,240,,
5769,11764,0,240,,
5769,11882,0,240,,
5769,5045,0,240,,
5769,5122,0,240,,
5769,5262,0,240,,
5769,5494,0,240,,
5769,5667,0,240,,
5769,5668,0,240,,
5769,5768,0,240,,
5769,5769,0,240,,
5769,5793,0,240,,
5769,5891,0,240,,
5769,6467,2,300,,
5769,8057,2,300,,
5769,8060,2,300,,
5776,13052,2,300,,
5777,5761,0,240,,
5777,5777,0,240,,
5781,11135,0,240,,
5781,5797,0,240,,
5792,5745,2,300,,
5792,5937,2,360,,
5797,11135,0,240,,
5797,5756,0,240,,
5797,5781,0,240,,
5797,5797,0,240,,
5801,5955,0,240,,
5801,6004,0,240,,
5803,5954,0,240,,
5803,6114,0,240,,
5805,5287,2,360,,
5805,5288,2,360,,
5811,5820,0,240,,
5811,8967,0,240,,
5813,11490,0,240,,
5813,5818,0,240,,
5813,5909,0,240,,
5815,11664,2,300,,
5815,5180,2,360,,
5815,5183,2,300,,
5815,5815,0,240,,
5815,9720,0,240,,
582,582,0,240,,
5826,11592,0,240,,
5826,5287,2,300,,
5826,5288,2,360,,
5826,5805,0,240,,
5826,5826,0,240,,
5828,5954,0,240,,
5828,6114,0,240,,
5830,5955,0,240,,
5830,6004,0,240,,
5834,5761,2,300,,
5834,5777,2,300,,
584,405,0,240,,
584,4887,2,480,,
584,542,2,540,,
584,584,0,240,,
5844,5844,0,240,,
5844,8056,2,300,,
5844,8061,2,300,,
5845,9929,2,300,,
585,11473,2,300,,
585,585,0,240,,
5854,10159,0,240,,
5860,5845,0,240,,
5860,5860,0,240,,
5860,9929,2,300,,
5862,5844,0,240,,
5869,5069,0,240,,
5890,10914,0,240,,
5890,5148,0,240,,
5890,5252,0,240,,
5890,7639,0,240,,
59,11113,2,300,,
59,322,2,300,,
59,569,2,300,,
591,591,0,240,,
591,63,0,240,,
5918,11137,0,240,,
5918,9452,0,240,,
5919,5295,0,240,,
5935,5938,2,300,,
5935,6015,2,300,,
5954,5803,0,240,,
5954,5828,0,240,,
5955,5801,0,240,,
5955,5830,0,240,,
596,596,0,240,,
5960,5295,0,240,,
5961,11137,0,240,,
5961,9452,0,240,,
5975,13018,0,240,,
5975,5975,4,0,15486987,15487106
5975,5975,4,0,15486988,15487107
5975,5975,4,0,15486989,15487108
5975,5975,4,0,15486990,15487110
5975,5975,4,0,15486991,15487111
5975,5975,4,0,15486992,15487112
5975,5975,4,0,15486993,15487113
5975,5975,4,0,15486994,15487114
5975,5975,4,0,15486995,15487115
5975,5975,4,0,15486996,15487116
5975,5975,4,0,15486997,15487117
5975,5975,4,0,15486998,15487118
5975,5975,4,0,15486999,15487119
5975,5975,4,0,15487000,15487120
5975,5975,4,0,15487001,15487121
5975,5975,4,0,15487002,15487122
5975,5975,4,0,15487003,15487068
5975,5975,4,0,15487004,15487069
5975,5975,4,0,15487005,15487123
5975,5975,4,0,15487006,15487124
5975,5975,4,0,15487007,15487125
5975,5975,4,0,15487008,15487079
5975,5975,4,0,15487009,15487080
5975,5975,4,0,15487010,15487081
5975,5975,4,0,15487011,15487082
5975,5975,4,0,15487012,15487083
5975,5975,4,0,15487013,15487070
5975,5975,4,0,15487014,15487071
5975,5975,4,0,15487015,15487072
5975,5975,4,0,15487016,15487073
5975,5975,4,0,15487017,15487077
5975,5975,4,0,15487017,15487128
5975,5975,4,0,15487018,15487078
5975,5975,4,0,15487019,15487058
5975,5975,4,0,15487020,15487089
5975,5975,4,0,15487021,15487090
5975,5975,4,0,15487022,15487091
5975,5975,4,0,15487023,15487092
5975,5975,4,0,15487024,15487093
5975,5975,4,0,15487025,15487094
5975,5975,4,0,15487026,15487095
5975,5975,4,0,15487027,15487096
5975,5975,4,0,15487028,15487097
5975,5975,4,0,15487029,15487098
5975,5975,4,0,15487030,15487099
5975,5975,4,0,15487031,15487101
5975,5975,4,0,15487032,15487074
5975,5975,4,0,15487033,15487075
5975,5975,4,0,15487034,15487076
5975,5975,4,0,15487035,15487084
5975,5975,4,0,15487036,15487085
5975,5975,4,0,15487037,15487086
5975,5975,4,0,15487038,15487087
5975,5975,4,0,15487039,15487088
5975,5975,4,0,15487040,15487059
5975,5975,4,0,15487041,15487064
5975,5975,4,0,15487042,15487067
5975,5975,4,0,15487043,15487061
5975,5975,4,0,15487044,15487126
5975,5975,4,0,15487045,15487065
5975,5975,4,0,15487046,15487063
5975,5975,4,0,15487047,15487062
5975,5975,4,0,15487048,15487060
5975,5975,4,0,15487049,15487066
5975,5975,4,0,15487050,15487127
5975,5975,4,0,15487051,15487100
5975,5975,4,0,15487052,15487102
5975,5975,4,0,15487053,15487103
5975,5975,4,0,15487054,15487104
5975,5975,4,0,15487055,15487105
5975,5975,4,0,15487056,15487109
5975,5975,4,0,15487057,15487106
5975,5975,4,0,15487129,15487203
5975,5975,4,0,15487130,15487240
5975,5975,4,0,15487131,15487208
5975,5975,4,0,15487132,15487209
5975,5975,4,0,15487133,15487241
5975,5975,4,0,15487134,15487235
5975,5975,4,0,15487135,15487242
5975,5975,4,0,15487136,15487243
5975,5975,4,0,15487137,15487244
5975,5975,4,0,15487138,15487246
5975,5975,4,0,15487139,15487247
5975,5975,4,0,15487140,15487248
5975,5975,4,0,15487141,15487249
5975,5975,4,0,15487142,15487250
5975,5975,4,0,15487143,15487251
5975,5975,4,0,15487144,15487252
5975,5975,4,0,15487145,15487253
5975,5975,4,0,15487146,15487254
5975,5975,4,0,15487147,15487255
5975,5975,4,0,15487148,15487195
5975,5975,4,0,15487149,15487196
5975,5975,4,0,15487150,15487197
5975,5975,4,0,15487151,15487198
5975,5975,4,0,15487152,15487199
5975,5975,4,0,15487153,15487200
5975,5975,4,0,15487154,15487201
5975,5975,4,0,15487155,15487202
5975,5975,4,0,15487156,15487210
5975,5975,4,0,15487157,15487211
5975,5975,4,0,15487158,15487212
5975,5975,4,0,15487159,15487213
5975,5975,4,0,15487160,15487230
5975,5975,4,0,15487161,15487256
5975,5975,4,0,15487162,15487193
5975,5975,4,0,15487163,15487194
5975,5975,4,0,15487164,15487229
5975,5975,4,0,15487165,15487236
5975,5975,4,0,15487166,15487237
5975,5975,4,0,15487167,15487238
5975,5975,4,0,15487168,15487214
5975,5975,4,0,15487169,15487207
5975,5975,4,0,15487170,15487239
5975,5975,4,0,15487171,15487215
5975,5975,4,0,15487172,15487216
5975,5975,4,0,15487173,15487217
5975,5975,4,0,15487174,15487218
5975,5975,4,0,15487175,15487219
5975,5975,4,0,15487176,15487220
5975,5975,4,0,15487177,15487221
5975,5975,4,0,15487178,15487245
5975,5975,4,0,15487179,15487206
5975,5975,4,0,15487180,15487231
5975,5975,4,0,15487181,15487232
5975,5975,4,0,15487182,15487233
5975,5975,4,0,15487183,15487234
5975,5975,4,0,15487184,15487222
5975,5975,4,0,15487185,15487223
5975,5975,4,0,15487186,15487224
5975,5975,4,0,15487187,15487225
5975,5975,4,0,15487188,15487226
5975,5975,4,0,15487189,15487227
5975,5975,4,0,15487190,15487228
5975,5975,4,0,15487191,15487204
5975,5975,4,0,15487192,15487205
5975,5975,4,0,15487257,15487358
5975,5975,4,0,15487258,15487359
5975,5975,4,0,15487259,15487360
5975,5975,4,0,15487260,15487349
5975,5975,4,0,15487261,15487362
5975,5975,4,0,15487262,15487333
5975,5975,4,0,15487263,15487334
5975,5975,4,0,15487264,15487335
5975,5975,4,0,15487265,15487336
5975,5975,4,0,15487266,15487337
5975,5975,4,0,15487267,15487338
5975,5975,4,0,15487268,15487340
5975,5975,4,0,15487269,15487363
5975,5975,4,0,15487270,15487364
5975,5975,4,0,15487271,15487365
5975,5975,4,0,15487272,15487366
5975,5975,4,0,15487273,15487367
5975,5975,4,0,15487274,15487368
5975,5975,4,0,15487275,15487369
5975,5975,4,0,15487276,15487370
5975,5975,4,0,15487277,15487319
5975,5975,4,0,15487278,15487320
5975,5975,4,0,15487279,15487321
5975,5975,4,0,15487280,15487322
5975,5975,4,0,15487281,15487323
5975,5975,4,0,15487282,15487324
5975,5975,4,0,15487283,15487325
5975,5975,4,0,15487284,15487326
5975,5975,4,0,15487285,15487327
5975,5975,4,0,15487286,15487339
5975,5975,4,0,15487287,15487314
5975,5975,4,0,15487288,15487315
5975,5975,4,0,15487289,15487328
5975,5975,4,0,15487290,15487329
5975,5975,4,0,15487291,15487330
5975,5975,4,0,15487292,15487331
5975,5975,4,0,15487293,15487332
5975,5975,4,0,15487294,15487341
5975,5975,4,0,15487295,15487342
5975,5975,4,0,15487296,15487343
5975,5975,4,0,15487297,15487344
5975,5975,4,0,15487298,15487345
5975,5975,4,0,15487299,15487346
5975,5975,4,0,15487300,15487347
5975,5975,4,0,15487301,15487348
5975,5975,4,0,15487302,15487350
5975,5975,4,0,15487303,15487351
5975,5975,4,0,15487304,15487316
5975,5975,4,0,15487305,15487317
5975,5975,4,0,15487306,15487361
5975,5975,4,0,15487307,15487352
5975,5975,4,0,15487308,15487353
5975,5975,4,0,15487309,15487354
5975,5975,4,0,15487310,15487355
5975,5975,4,0,15487311,15487356
5975,5975,4,0,15487312,15487357
5975,5975,4,0,15487313,15487318
5991,2410,0,240,,
5991,5991,0,240,,
5997,4845,0,240,,
5997,4939,0,240,,
5997,5093,0,240,,
5997,5230,0,240,,
5997,5244,0,240,,
5997,5553,0,240,,
5997,6080,0,240,,
5997,6455,0,240,,
60,110,0,240,,
60,11113,0,240,,
60,569,0,240,,
60,60,0,240,,
6004,5801,0,240,,
6004,5830,0,240,,
6006,6006,0,240,,
6006,6068,2,300,,
6006,6470,2,300,,
6006,6479,2,300,,
6019,11123,0,240,,
6019,11124,0,240,,
6038,10189,2,360,,
6039,10189,0,240,,
6039,10701,2,360,,
6039,6038,2,360,,
604,10481,0,240,,
6051,11075,0,240,,
6051,11076,0,240,,
606,607,2,360,,
6068,6006,2,300,,
6068,6470,0,240,,
6068,6479,0,240,,
6073,11123,0,240,,
6073,11124,0,240,,
6077,11858,0,240,,
6077,11860,0,240,,
6077,5464,0,240,,
6077,5509,0,240,,
6077,5633,0,240,,
6077,5700,0,240,,
6077,5743,0,240,,
6080,4845,0,240,,
6080,4939,0,240,,
6080,5093,0,240,,
6080,5244,0,240,,
6080,5553,0,240,,
6080,6080,0,240,,
6080,6455,0,240,,
6086,2409,0,240,,
6086,6086,0,240,,
6088,11704,2,360,,
6088,13013,2,420,,
6088,5436,2,240,,
6088,5542,2,300,,
6088,5543,2,360,,
6088,6088,0,240,,
6088,6174,2,300,,
6088,6195,0,240,,
6088,6340,0,240,,
6088,8854,2,300,,
6094,6094,0,240,,
6095,12395,2,300,,
61,61,0,240,,
6103,12260,2,300,,
6103,6103,0,240,,
6103,6126,2,360,,
6107,11905,0,240,,
6107,6107,0,240,,
6107,6120,0,240,,
6113,5285,0,240,,
6113,5410,0,240,,
6114,5803,0,240,,
6114,5828,0,240,,
6116,5925,0,240,,
6116,6111,0,240,,
6116,6116,0,240,,
6124,6028,0,240,,
6124,6053,0,240,,
6124,6124,0,240,,
613,1,2,300,,
613,613,4,0,15442610,15441811
613,613,4,0,15442611,15441812
613,613,4,0,15442612,15441813
613,613,4,0,15442613,15441814
613,613,4,0,15442614,15441815
613,613,4,0,15442615,15441816
613,613,4,0,15442616,15441817
613,613,4,0,15442617,15441818
613,613,4,0,15442618,15441819
613,613,4,0,15442619,15441820
613,613,4,0,15442620,15441821
613,613,4,0,15442621,15441822
613,613,4,0,15442622,15441823
613,613,4,0,15442623,15441824
613,613,4,0,15442624,15441825
613,613,4,0,15442625,15441826
613,613,4,0,15442626,15441827
613,613,4,0,15442627,15441828
613,613,4,0,15442628,15441829
613,613,4,0,15442629,15441830
613,613,4,0,15442630,15441831
613,613,4,0,15442631,15441832
613,613,4,0,15442632,15441833
613,613,4,0,15442633,15441834
613,613,4,0,15442634,15441835
613,613,4,0,15442635,15441836
613,613,4,0,15442636,15441837
613,613,4,0,15442637,15441838
613,613,4,0,15442638,15441839
613,613,4,0,15442639,15441840
613,613,4,0,15442640,15441841
613,613,4,0,15442641,15441842
613,613,4,0,15442642,15441843
613,613,4,0,15442643,15441844
613,613,4,0,15442644,15441845
613,613,4,0,15442645,15441846
613,613,4,0,15442646,15441847
613,613,4,0,15442647,15441848
613,613,4,0,15442648,15441849
613,613,4,0,15442649,15441850
613,613,4,0,15442650,15441851
613,613,4,0,15442651,15441852
613,613,4,0,15442652,15441853
613,613,4,0,15442653,15441854
613,613,4,0,15442654,15441855
613,613,4,0,15442655,15441856
613,613,4,0,15442656,15441857
613,613,4,0,15442657,15441858
613,613,4,0,15442658,15441859
613,613,4,0,15442659,15441860
613,613,4,0,15442660,15441861
613,613,4,0,15442661,15441862
613,613,4,0,15442662,15441863
613,613,4,0,15442663,15441864
613,613,4,0,15442664,15441865
613,613,4,0,15442665,15441866
613,613,4,0,15442666,15441867
613,613,4,0,15442667,15441868
613,613,4,0,15442668,15441869
613,613,4,0,15442669,15441870
613,613,4,0,15442670,15441871
613,613,4,0,15442671,15441872
613,613,4,0,15442672,15441873
613,613,4,0,15442673,15441874
613,613,4,0,15442674,15441875
613,613,4,0,15442675,15441876
613,613,4,0,15442676,15441877
613,613,4,0,15442677,15441878
613,613,4,0,15442678,15441879
613,613,4,0,15442679,15441880
613,613,4,0,15442680,15441881
613,613,4,0,15442681,15441882
613,613,4,0,15442682,15441883
613,613,4,0,15442683,15441884
613,613,4,0,15442684,15441885
613,613,4,0,15442685,15441886
613,613,4,0,15442686,15441887
613,613,4,0,15442687,15441888
613,613,4,0,15442688,15441889
613,613,4,0,15442689,15441890
613,613,4,0,15442690,15441891
613,613,4,0,15442691,15441892
613,613,4,0,15442692,15441893
613,613,4,0,15442693,15441894
613,613,4,0,15442694,15441895
613,613,4,0,15442695,15441896
613,613,4,0,15442696,15441897
613,613,4,0,15442697,15441898
613,613,4,0,15442698,15441899
613,613,4,0,15442699,15441900
613,613,4,0,15442700,15441901
613,613,4,0,15442701,15441902
613,613,4,0,15442702,15441903
613,613,4,0,15442703,15441904
613,613,4,0,15442704,15441905
613,613,4,0,15442705,15441906
613,613,4,0,15442706,15441907
613,613,4,0,15442707,15441908
613,613,4,0,15442708,15441909
613,613,4,0,15442709,15441910
613,613,4,0,15442710,15441911
613,613,4,0,15442711,15441912
613,613,4,0,15442712,15441913
613,613,4,0,15442713,15441914
613,613,4,0,15442714,15441915
613,613,4,0,15442715,15441916
613,613,4,0,15442716,15441917
613,613,4,0,15442717,15441918
613,613,4,0,15442718,15441919
613,613,4,0,15442719,15441920
613,613,4,0,15442720,15441921
613,613,4,0,15442721,15441922
613,613,4,0,15442722,15441923
613,613,4,0,15442723,15441924
613,613,4,0,15442724,15441925
613,613,4,0,15442725,15441926
613,613,4,0,15442726,15441927
613,613,4,0,15442727,15441928
613,613,4,0,15442728,15441929
613,613,4,0,15442729,15441930
613,613,4,0,15442730,15441931
613,613,4,0,15442731,15441932
613,613,4,0,15442732,15441933
613,613,4,0,15442733,15441934
613,613,4,0,15442734,15441935
613,613,4,0,15442735,15441936
613,613,4,0,15442845,15442096
613,613,4,0,15442846,15442124
613,613,4,0,15442847,15442091
613,613,4,0,15442848,15442111
613,613,4,0,15442849,15442141
613,613,4,0,15442850,15442150
613,613,4,0,15442851,15442110
613,613,4,0,15442852,15442118
613,613,4,0,15442853,15442135
613,613,4,0,15442854,15442144
613,613,4,0,15442855,15442105
613,613,4,0,15442856,15442119
613,613,4,0,15442857,15442128
613,613,4,0,15442858,15442125
613,613,4,0,15442859,15442122
613,613,4,0,15442860,15442112
613,613,4,0,15442861,15442145
613,613,4,0,15442862,15442138
613,613,4,0,15442863,15442158
613,613,4,0,15442864,15442093
613,613,4,0,15442865,15442129
613,613,4,0,15442866,15442094
613,613,4,0,15442867,15442080
613,613,4,0,15442868,15442139
613,613,4,0,15442869,15442075
613,613,4,0,15442870,15442077
613,613,4,0,15442871,15442076
613,613,4,0,15442872,15442142
613,613,4,0,15442873,15442146
613,613,4,0,15442874,15442092
613,613,4,0,15442875,15442143
613,613,4,0,15442876,15442070
613,613,4,0,15442877,15442117
613,613,4,0,15442878,15442085
613,613,4,0,15442879,15442131
613,613,4,0,15442880,15442160
613,613,4,0,15442881,15442101
613,613,4,0,15442882,15442078
613,613,4,0,15442883,15442162
613,613,4,0,15442884,15442098
613,613,4,0,15442885,15442132
613,613,4,0,15442886,15442156
613,613,4,0,15442887,15442154
613,613,4,0,15442888,15442084
613,613,4,0,15442889,15442100
613,613,4,0,15442890,15442099
613,613,4,0,15442891,15442069
613,613,4,0,15442892,15442134
613,613,4,0,15442893,15442103
613,613,4,0,15442894,15442157
613,613,4,0,15442895,15442108
613,613,4,0,15442896,15442121
613,613,4,0,15442897,15442159
613,613,4,0,15442898,15442115
613,613,4,0,15442899,15442126
613,613,4,0,15442900,15442067
613,613,4,0,15442901,15442161
613,613,4,0,15442902,15442113
613,613,4,0,15442903,15442148
613,613,4,0,15442904,15442137
613,613,4,0,15442905,15442109
613,613,4,0,15442906,15442140
613,613,4,0,15442907,15442130
613,613,4,0,15442908,15442114
613,613,4,0,15442909,15442155
613,613,4,0,15442910,15442087
613,613,4,0,15442911,15442086
613,613,4,0,15442912,15442083
613,613,4,0,15442913,15442073
613,613,4,0,15442914,15442072
613,613,4,0,15442915,15442147
613,613,4,0,15442916,15442068
613,613,4,0,15442917,15442116
613,613,4,0,15442918,15442089
613,613,4,0,15442919,15442090
613,613,4,0,15442920,15442095
613,613,4,0,15442921,15442106
613,613,4,0,15442922,15442079
613,613,4,0,15442923,15442152
613,613,4,0,15442924,15442120
613,613,4,0,15442925,15442133
613,613,4,0,15442926,15442074
613,613,4,0,15442927,15442153
613,613,4,0,15442928,15442151
613,613,4,0,15442929,15442088
613,613,4,0,15442930,15442107
613,613,4,0,15442931,15442102
613,613,4,0,15442932,15442149
613,613,4,0,15442933,15442071
613,613,4,0,15442934,15442136
613,613,4,0,15442935,15442082
613,613,4,0,15442936,15442081
613,613,4,0,15442937,15442123
613,613,4,0,15442938,15442104
613,613,4,0,15442939,15442127
613,613,4,0,15442940,15442097
613,613,4,0,15442941,15442163
613,613,4,0,15442942,15442164
613,613,4,0,15442943,15442165
613,613,4,0,15442944,15442166
613,613,4,0,15442945,15442167
613,613,4,0,15442946,15442168
613,613,4,0,15442947,15442169
613,613,4,0,15443051,15442361
613,613,4,0,15443052,15442333
613,613,4,0,15443053,15442338
613,613,4,0,15443054,15442350
613,613,4,0,15443055,15442368
613,613,4,0,15443056,15442316
613,613,4,0,15443057,15442317
613,613,4,0,15443058,15442287
613,613,4,0,15443059,15442323
613,613,4,0,15443060,15442367
613,613,4,0,15443061,15442358
613,613,4,0,15443062,15442325
613,613,4,0,15443063,15442322
613,613,4,0,15443064,15442297
613,613,4,0,15443065,15442278
613,613,4,0,15443066,15442328
613,613,4,0,15443067,15442339
613,613,4,0,15443068,15442284
613,613,4,0,15443069,15442319
613,613,4,0,15443070,15442314
613,613,4,0,15443071,15442342
613,613,4,0,15443072,15442340
613,613,4,0,15443073,15442351
613,613,4,0,15443074,15442308
613,613,4,0,15443075,15442329
613,613,4,0,15443076,15442285
613,613,4,0,15443077,15442336
613,613,4,0,15443078,15442349
613,613,4,0,15443079,15442345
613,613,4,0,15443080,15442365
613,613,4,0,15443081,15442359
613,613,4,0,15443082,15442355
613,613,4,0,15443083,15442354
613,613,4,0,15443084,15442360
613,613,4,0,15443085,15442356
613,613,4,0,15443086,15442348
613,613,4,0,15443087,15442288
613,613,4,0,15443088,15442291
613,613,4,0,15443089,15442292
613,613,4,0,15443090,15442364
613,613,4,0,15443091,15442294
613,613,4,0,15443092,15442307
613,613,4,0,15443093,15442326
613,613,4,0,15443094,15442341
613,613,4,0,15443095,15442303
613,613,4,0,15443096,15442304
613,613,4,0,15443097,15442357
613,613,4,0,15443098,15442327
613,613,4,0,15443099,15442313
613,613,4,0,15443100,15442299
613,613,4,0,15443101,15442300
613,613,4,0,15443102,15442301
613,613,4,0,15443103,15442324
613,613,4,0,15443104,15442321
613,613,4,0,15443105,15442281
613,613,4,0,15443106,15442282
613,613,4,0,15443107,15442305
613,613,4,0,15443108,15442306
613,613,4,0,15443109,15442330
613,613,4,0,15443110,15442347
613,613,4,0,15443111,15442344
613,613,4,0,15443112,15442366
613,613,4,0,15443113,15442337
613,613,4,0,15443114,15442312
613,613,4,0,15443115,15442352
613,613,4,0,15443116,15442363
613,613,4,0,15443117,15442298
613,613,4,0,15443118,15442310
613,613,4,0,15443119,15442311
613,613,4,0,15443120,15442332
613,613,4,0,15443121,15442346
613,613,4,0,15443122,15442335
613,613,4,0,15443123,15442315
613,613,4,0,15443124,15442353
613,613,4,0,15443125,15442309
613,613,4,0,15443126,15442334
613,613,4,0,15443127,15442318
613,613,4,0,15443128,15442369
613,613,4,0,15443129,15442362
613,613,4,0,15443130,15442280
613,613,4,0,15443131,15442283
613,613,4,0,15443132,15442286
613,613,4,0,15443133,15442290
613,613,4,0,15443134,15442295
613,613,4,0,15443135,15442289
613,613,4,0,15443136,15442296
613,613,4,0,15443137,15442320
613,613,4,0,15443138,15442343
613,613,4,0,15443139,15442302
613,613,4,0,15443140,15442293
613,613,4,0,15443141,15442279
613,613,4,0,15443142,15442331
613,613,4,0,15443143,15442370
613,613,4,0,15443144,15442371
613,613,4,0,15443145,15442372
613,613,4,0,15443146,15442373
613,613,4,0,15443147,15442374
613,613,4,0,15443148,15442375
613,613,4,0,15443149,15442376
613,613,4,0,15517493,15517494
6132,12395,2,420,,
6132,9062,2,360,,
6133,12395,2,300,,
6133,6095,2,300,,
6133,9062,0,240,,
6139,11704,2,300,,
6139,13013,2,300,,
6139,5436,0,240,,
6139,5542,0,240,,
6139,5543,0,240,,
6139,6088,0,240,,
6139,6139,0,240,,
6139,6174,0,240,,
6139,6195,2,300,,
6139,8854,0,240,,
6146,6146,0,240,,
6146,6222,0,240,,
6146,6223,0,240,,
6146,8488,2,300,,
6148,6148,0,240,,
6148,6220,0,240,,
6153,6280,0,240,,
6154,6214,0,240,,
616,1487,2,480,,
6166,6166,2,180,,
6167,6343,0,240,,
6167,6354,2,300,,
6172,6172,0,240,,
6172,6197,2,300,,
6172,6357,0,240,,
6173,5542,2,420,,
6173,5543,2,300,,
6173,6174,2,300,,
6173,6195,2,300,,
6173,6340,2,300,,
6173,6357,2,300,,
6173,8854,2,360,,
6174,11704,2,300,,
6174,13013,2,360,,
6174,5436,0,240,,
6174,5542,0,240,,
6174,5543,2,360,,
6174,6088,2,360,,
6174,6139,0,240,,
6174,6174,0,240,,
6174,6195,2,300,,
6174,6340,2,300,,
6174,8854,0,240,,
6175,10437,0,240,,
6194,10437,0,240,,
6194,6175,0,240,,
6194,6466,0,240,,
6195,5542,2,360,,
6195,5543,2,300,,
6195,6088,0,240,,
6195,6139,2,360,,
6195,6174,2,420,,
6195,6195,0,240,,
6195,6340,2,300,,
6195,8854,2,360,,
6198,6198,0,240,,
6204,6164,0,240,,
6204,6204,0,240,,
6214,6154,0,240,,
6214,6214,0,240,,
6215,6153,0,240,,
6215,6215,0,240,,
6215,6280,0,240,,
6217,6151,0,240,,
6217,6217,0,240,,
6217,6373,2,300,,
6219,6149,0,240,,
6220,6220,0,240,,
6222,6223,0,240,,
6230,6230,0,240,,
6230,6351,0,240,,
6247,6247,0,240,,
6247,6312,0,240,,
6255,6255,0,240,,
6256,6303,0,240,,
627,11282,2,360,,
627,11354,2,300,,
627,12586,2,360,,
627,160,0,240,,
628,4494,2,360,,
628,628,4,0,15452449,15452523
628,628,4,0,15452450,15452524
628,628,4,0,15452451,15452525
628,628,4,0,15452452,15452526
628,628,4,0,15452453,15452527
628,628,4,0,15452454,15452528
628,628,4,0,15452455,15452529
628,628,4,0,15452456,15452530
628,628,4,0,15452457,15452531
628,628,4,0,15452458,15452532
628,628,4,0,15452459,15452533
628,628,4,0,15452460,15452534
628,628,4,0,15452461,15452535
628,628,4,0,15452462,15452536
628,628,4,0,15452463,15452537
628,628,4,0,15452464,15452538
628,628,4,0,15452465,15452539
628,628,4,0,15452466,15452540
628,628,4,0,15452467,15452541
628,628,4,0,15452468,15452542
628,628,4,0,15452469,15452543
628,628,4,0,15452470,15452544
628,628,4,0,15452471,15452545
628,628,4,0,15452472,15452546
628,628,4,0,15452473,15452547
628,628,4,0,15452474,15452548
628,628,4,0,15452475,15452549
628,628,4,0,15452476,15452550
628,628,4,0,15452477,15452551
628,628,4,0,15452478,15452552
628,628,4,0,15452479,15452553
628,628,4,0,15452480,15452554
628,628,4,0,15452481,15452555
628,628,4,0,15452482,15452556
628,628,4,0,15452483,15452557
628,628,4,0,15452484,15452558
628,628,4,0,15452485,15452559
628,628,4,0,15452486,15452560
628,628,4,0,15452487,15452561
628,628,4,0,15452488,15452562
628,628,4,0,15452489,15452563
628,628,4,0,15452490,15452564
628,628,4,0,15452491,15452565
628,628,4,0,15452492,15452566
628,628,4,0,15452493,15452567
628,628,4,0,15452494,15452568
628,628,4,0,15452495,15452569
628,628,4,0,15452496,15452570
628,628,4,0,15452497,15452571
628,628,4,0,15452498,15452572
628,628,4,0,15452499,15452573
628,628,4,0,15452500,15452574
628,628,4,0,15452501,15452575
628,628,4,0,15452502,15452576
628,628,4,0,15452503,15452577
628,628,4,0,15452504,15452578
628,628,4,0,15452505,15452579
628,628,4,0,15452506,15452580
628,628,4,0,15452507,15452581
628,628,4,0,15452508,15452582
628,628,4,0,15452509,15452583
628,628,4,0,15452510,15452584
628,628,4,0,15452510,15452597
628,628,4,0,15452511,15452585
628,628,4,0,15452511,15452598
628,628,4,0,15452512,15452586
628,628,4,0,15452512,15452599
628,628,4,0,15452513,15452587
628,628,4,0,15452513,15452600
628,628,4,0,15452514,15452588
628,628,4,0,15452514,15452601
628,628,4,0,15452515,15452589
628,628,4,0,15452515,15452602
628,628,4,0,15452516,15452590
628,628,4,0,15452516,15452603
628,628,4,0,15452517,15452591
628,628,4,0,15452517,15452604
628,628,4,0,15452518,15452592
628,628,4,0,15452518,15452605
628,628,4,0,15452519,15452593
628,628,4,0,15452519,15452606
628,628,4,0,15452520,15452594
628,628,4,0,15452520,15452607
628,628,4,0,15452521,15452595
628,628,4,0,15452521,15452608
628,628,4,0,15452522,15452596
628,628,4,0,15452522,15452609
628,628,4,0,15452610,15452683
628,628,4,0,15452611,15452684
628,628,4,0,15452612,15452685
628,628,4,0,15452613,15452686
628,628,4,0,15452614,15452687
628,628,4,0,15452615,15452688
628,628,4,0,15452616,15452689
628,628,4,0,15452617,15452690
628,628,4,0,15452618,15452691
628,628,4,0,15452619,15452692
628,628,4,0,15452620,15452693
628,628,4,0,15452621,15452694
628,628,4,0,15452622,15452695
628,628,4,0,15452623,15452696
628,628,4,0,15452624,15452697
628,628,4,0,15452625,15452698
628,628,4,0,15452626,15452699
628,628,4,0,15452627,15452700
628,628,4,0,15452628,15452701
628,628,4,0,15452629,15452702
628,628,4,0,15452630,15452703
628,628,4,0,15452631,15452704
628,628,4,0,15452632,15452705
628,628,4,0,15452633,15452706
628,628,4,0,15452634,15452707
628,628,4,0,15452635,15452708
628,628,4,0,15452636,15452709
628,628,4,0,15452637,15452710
628,628,4,0,15452638,15452711
628,628,4,0,15452639,15452712
628,628,4,0,15452640,15452713
628,628,4,0,15452641,15452714
628,628,4,0,15452642,15452715
628,628,4,0,15452643,15452716
628,628,4,0,15452644,15452717
628,628,4,0,15452645,15452718
628,628,4,0,15452646,15452719
628,628,4,0,15452647,15452720
628,628,4,0,15452648,15452721
628,628,4,0,15452649,15452722
628,628,4,0,15452650,15452723
628,628,4,0,15452651,15452724
628,628,4,0,15452652,15452725
628,628,4,0,15452653,15452726
628,628,4,0,15452654,15452727
628,628,4,0,15452655,15452728
628,628,4,0,15452656,15452729
628,628,4,0,15452657,15452730
628,628,4,0,15452658,15452731
628,628,4,0,15452659,15452732
628,628,4,0,15452660,15452733
628,628,4,0,15452661,15452734
628,628,4,0,15452662,15452735
628,628,4,0,15452663,15452736
628,628,4,0,15452664,15452737
628,628,4,0,15452665,15452738
628,628,4,0,15452666,15452739
628,628,4,0,15452667,15452740
628,628,4,0,15452668,15452741
628,628,4,0,15452669,15452742
628,628,4,0,15452670,15452743
628,628,4,0,15452671,15452744
628,628,4,0,15452672,15452745
628,628,4,0,15452673,15452746
628,628,4,0,15452674,15452747
628,628,4,0,15452675,15452748
628,628,4,0,15452676,15452749
628,628,4,0,15452677,15452750
628,628,4,0,15452678,15452751
628,628,4,0,15452679,15452752
628,628,4,0,15452680,15452753
628,628,4,0,15452681,15452754
628,628,4,0,15452682,15452755
628,628,4,0,15452756,15452829
628,628,4,0,15452757,15452830
628,628,4,0,15452758,15452831
628,628,4,0,15452759,15452832
628,628,4,0,15452760,15452833
628,628,4,0,15452761,15452834
628,628,4,0,15452762,15452835
628,628,4,0,15452763,15452836
628,628,4,0,15452764,15452837
628,628,4,0,15452765,15452838
628,628,4,0,15452766,15452839
628,628,4,0,15452767,15452840
628,628,4,0,15452768,15452841
628,628,4,0,15452769,15452842
628,628,4,0,15452770,15452843
628,628,4,0,15452771,15452844
628,628,4,0,15452772,15452845
628,628,4,0,15452773,15452846
628,628,4,0,15452774,15452847
628,628,4,0,15452775,15452848
628,628,4,0,15452776,15452849
628,628,4,0,15452777,15452850
628,628,4,0,15452778,15452851
628,628,4,0,15452779,15452852
628,628,4,0,15452780,15452853
628,628,4,0,15452781,15452854
628,628,4,0,15452782,15452855
628,628,4,0,15452783,15452856
628,628,4,0,15452784,15452857
628,628,4,0,15452785,15452858
628,628,4,0,15452786,15452859
628,628,4,0,15452787,15452860
628,628,4,0,15452788,15452861
628,628,4,0,15452789,15452862
628,628,4,0,15452790,15452863
628,628,4,0,15452791,15452864
628,628,4,0,15452792,15452865
628,628,4,0,15452793,15452866
628,628,4,0,15452794,15452867
628,628,4,0,15452795,15452868
628,628,4,0,15452796,15452869
628,628,4,0,15452797,15452870
628,628,4,0,15452798,15452871
628,628,4,0,15452799,15452872
628,628,4,0,15452800,15452873
628,628,4,0,15452801,15452874
628,628,4,0,15452802,15452875
628,628,4,0,15452803,15452876
628,628,4,0,15452804,15452877
628,628,4,0,15452805,15452878
628,628,4,0,15452806,15452879
628,628,4,0,15452807,15452880
628,628,4,0,15452808,15452881
628,628,4,0,15452809,15452882
628,628,4,0,15452810,15452883
628,628,4,0,15452811,15452884
628,628,4,0,15452812,15452885
628,628,4,0,15452813,15452886
628,628,4,0,15452814,15452887
628,628,4,0,15452815,15452888
628,628,4,0,15452816,15452889
628,628,4,0,15452817,15452890
628,628,4,0,15452818,15452891
628,628,4,0,15452819,15452892
628,628,4,0,15452820,15452893
628,628,4,0,15452821,15452894
628,628,4,0,15452822,15452895
628,628,4,0,15452823,15452896
628,628,4,0,15452824,15452897
628,628,4,0,15452825,15452898
628,628,4,0,15452826,15452899
628,628,4,0,15452827,15452900
628,628,4,0,15452828,15452901
6280,6153,0,240,,
6280,6215,2,300,,
6280,6280,4,0,15489214,15489307
6280,6280,4,0,15489215,15489308
6280,6280,4,0,15489216,15489309
6280,6280,4,0,15489217,15489310
6280,6280,4,0,15489218,15489311
6280,6280,4,0,15489219,15489312
6280,6280,4,0,15489220,15489313
6280,6280,4,0,15489221,15489314
6280,6280,4,0,15489222,15489315
6280,6280,4,0,15489223,15489316
6280,6280,4,0,15489224,15489317
6280,6280,4,0,15489225,15489318
6280,6280,4,0,15489226,15489320
6280,6280,4,0,15489229,15489295
6280,6280,4,0,15489230,15489296
6280,6280,4,0,15489231,15489297
6280,6280,4,0,15489232,15489298
6280,6280,4,0,15489233,15489299
6280,6280,4,0,15489234,15489300
6280,6280,4,0,15489235,15489301
6280,6280,4,0,15489236,15489302
6280,6280,4,0,15489237,15489303
6280,6280,4,0,15489238,15489304
6280,6280,4,0,15489239,15489305
6280,6280,4,0,15489240,15489306
6280,6280,4,0,15489256,15489361
6280,6280,4,0,15489257,15489362
6280,6280,4,0,15489258,15489353
6280,6280,4,0,15489259,15489354
6280,6280,4,0,15489260,15489355
6280,6280,4,0,15489261,15489356
6280,6280,4,0,15489262,15489357
6280,6280,4,0,15489263,15489358
6280,6280,4,0,15489264,15489359
6280,6280,4,0,15489265,15489360
6280,6280,4,0,15489266,15489350
6280,6280,4,0,15489267,15489351
6280,6280,4,0,15489268,15489363
6280,6280,4,0,15489280,15489378
6280,6280,4,0,15489281,15489379
6280,6280,4,0,15489282,15489380
6280,6280,4,0,15489283,15489381
6280,6280,4,0,15489284,15489382
6280,6280,4,0,15489285,15489383
6280,6280,4,0,15489286,15489384
6280,6280,4,0,15489287,15489385
6280,6280,4,0,15489288,15489386
6280,6280,4,0,15489289,15489387
6280,6280,4,0,15489290,15489388
6297,6261,2,300,,
6297,6297,0,240,,
6298,6298,0,240,,
6298,6298,4,0,15489430,15489417
6298,6298,4,0,15489431,15489418
6298,6298,4,0,15489432,15489419
6298,6298,4,0,15489433,15489420
6298,6298,4,0,15489434,15489421
6298,6298,4,0,15489434,15489422
6298,6298,4,0,15489435,15489423
6298,6298,4,0,15489436,15489424
6298,6298,4,0,15489437,15489425
6298,6298,4,0,15489438,15489427
6298,6298,4,0,15489439,15489399
6298,6298,4,0,15489440,15489400
6298,6298,4,0,15489441,15489401
6298,6298,4,0,15489442,15489402
6298,6298,4,0,15489443,15489403
6298,6298,4,0,15489444,15489404
6298,6298,4,0,15489445,15489405
6298,6298,4,0,15489446,15489406
6298,6298,4,0,15489447,15489407
6298,6298,4,0,15489448,15489408
6298,6298,4,0,15489449,15489409
6298,6298,4,0,15489450,15489410
6298,6298,4,0,15489451,15489411
6298,6298,4,0,15489452,15489412
6298,6298,4,0,15489453,15489426
6298,6298,4,0,15489454,15489413
6298,6298,4,0,15489455,15489414
6298,6298,4,0,15489456,15489415
6298,6298,4,0,15489457,15489416
6298,6298,4,0,15489458,15489428
6298,6298,4,0,15489459,15489429
6298,6298,4,0,15489510,15489460
6298,6298,4,0,15489511,15489462
6298,6298,4,0,15489512,15489478
6298,6298,4,0,15489513,15489479
6298,6298,4,0,15489514,15489480
6298,6298,4,0,15489515,15489481
6298,6298,4,0,15489516,15489482
6298,6298,4,0,15489517,15489463
6298,6298,4,0,15489518,15489484
6298,6298,4,0,15489519,15489485
6298,6298,4,0,15489520,15489486
6298,6298,4,0,15489521,15489487
6298,6298,4,0,15489522,15489488
6298,6298,4,0,15489523,15489489
6298,6298,4,0,15489524,15489490
6298,6298,4,0,15489525,15489491
6298,6298,4,0,15489526,15489461
6298,6298,4,0,15489527,15489464
6298,6298,4,0,15489528,15489465
6298,6298,4,0,15489529,15489483
6298,6298,4,0,15489530,15489466
6298,6298,4,0,15489531,15489467
6298,6298,4,0,15489532,15489468
6298,6298,4,0,15489533,15489469
6298,6298,4,0,15489534,15489470
6298,6298,4,0,15489535,15489471
6298,6298,4,0,15489536,15489472
6298,6298,4,0,15489537,15489473
6298,6298,4,0,15489538,15489475
6298,6298,4,0,15489539,15489476
6298,6298,4,0,15489540,15489477
6298,6298,4,0,15489541,15489474
6298,6298,4,0,15489542,15489492
6298,6298,4,0,15489543,15489493
6298,6298,4,0,15489603,15489585
6298,6298,4,0,15489604,15489586
6298,6298,4,0,15489605,15489560
6298,6298,4,0,15489606,15489561
6298,6298,4,0,15489607,15489562
6298,6298,4,0,15489608,15489563
6298,6298,4,0,15489609,15489564
6298,6298,4,0,15489610,15489565
6298,6298,4,0,15489611,15489580
6298,6298,4,0,15489612,15489566
6298,6298,4,0,15489613,15489567
6298,6298,4,0,15489614,15489568
6298,6298,4,0,15489615,15489569
6298,6298,4,0,15489616,15489570
6298,6298,4,0,15489617,15489571
6298,6298,4,0,15489618,15489572
6298,6298,4,0,15489619,15489573
6298,6298,4,0,15489620,15489574
6298,6298,4,0,15489621,15489575
6298,6298,4,0,15489622,15489576
6298,6298,4,0,15489623,15489577
6298,6298,4,0,15489624,15489578
6298,6298,4,0,15489625,15489579
6298,6298,4,0,15489626,15489584
6298,6298,4,0,15489627,15489581
6298,6298,4,0,15489628,15489582
6298,6298,4,0,15489629,15489583
63,397,0,240,,
63,591,0,240,,
6305,6305,0,240,,
6310,6249,2,300,,
6310,6310,0,240,,
6313,5547,2,360,,
6318,6318,0,240,,
6335,6362,0,240,,
6339,11364,0,240,,
6339,6339,0,240,,
6340,11704,0,240,,
6340,13013,2,360,,
6340,5542,2,300,,
6340,5543,2,300,,
6340,6088,0,240,,
6340,6139,2,300,,
6340,6174,2,300,,
6340,6195,2,300,,
6340,6340,0,240,,
6340,8854,2,300,,
6354,6196,2,300,,
6354,6343,2,300,,
6354,6354,0,240,,
639,1,2,300,,
639,639,4,0,15441940,15442483
639,639,4,0,15441941,15442484
639,639,4,0,15441942,15442485
639,639,4,0,15441943,15442486
639,639,4,0,15441944,15442487
639,639,4,0,15441945,15442488
639,639,4,0,15441946,15442489
639,639,4,0,15441947,15442490
639,639,4,0,15441948,15442491
639,639,4,0,15441949,15442492
639,639,4,0,15441950,15442493
639,639,4,0,15441951,15442494
639,639,4,0,15441952,15442495
639,639,4,0,15441953,15442496
639,639,4,0,15441954,15442497
639,639,4,0,15441955,15442498
639,639,4,0,15441956,15442499
639,639,4,0,15441957,15442500
639,639,4,0,15441958,15442501
639,639,4,0,15441959,15442502
639,639,4,0,15441960,15442503
639,639,4,0,15441961,15442504
639,639,4,0,15441962,15442505
639,639,4,0,15441963,15442506
639,639,4,0,15441964,15442507
639,639,4,0,15441965,15442508
639,639,4,0,15441966,15442509
639,639,4,0,15441967,15442510
639,639,4,0,15441968,15442511
639,639,4,0,15441969,15442512
639,639,4,0,15441970,15442513
639,639,4,0,15441971,15442514
639,639,4,0,15441972,15442515
639,639,4,0,15441973,15442516
639,639,4,0,15441974,15442517
639,639,4,0,15441975,15442518
639,639,4,0,15441976,15442519
639,639,4,0,15441977,15442520
639,639,4,0,15441978,15442521
639,639,4,0,15441979,15442522
639,639,4,0,15441980,15442523
639,639,4,0,15441981,15442524
639,639,4,0,15441982,15442525
639,639,4,0,15441983,15442526
639,639,4,0,15441984,15442527
639,639,4,0,15441985,15442528
639,639,4,0,15441986,15442529
639,639,4,0,15441987,15442530
639,639,4,0,15441988,15442531
639,639,4,0,15441989,15442532
639,639,4,0,15441990,15442533
639,639,4,0,15441991,15442534
639,639,4,0,15441992,15442535
639,639,4,0,15441993,15442536
639,639,4,0,15441994,15442537
639,639,4,0,15441995,15442538
639,639,4,0,15441996,15442539
639,639,4,0,15441997,15442540
639,639,4,0,15441998,15442541
639,639,4,0,15441999,15442542
639,639,4,0,15442000,15442543
639,639,4,0,15442001,15442544
639,639,4,0,15442002,15442545
639,639,4,0,15442003,15442546
639,639,4,0,15442004,15442547
639,639,4,0,15442005,15442548
639,639,4,0,15442006,15442549
639,639,4,0,15442007,15442550
639,639,4,0,15442008,15442551
639,639,4,0,15442009,15442552
639,639,4,0,15442010,15442553
639,639,4,0,15442011,15442554
639,639,4,0,15442012,15442555
639,639,4,0,15442013,15442556
639,639,4,0,15442014,15442557
639,639,4,0,15442015,15442558
639,639,4,0,15442016,15442559
639,639,4,0,15442017,15442560
639,639,4,0,15442018,15442561
639,639,4,0,15442019,15442562
639,639,4,0,15442020,15442563
639,639,4,0,15442021,15442564
639,639,4,0,15442022,15442565
639,639,4,0,15442023,15442566
639,639,4,0,15442024,15442567
639,639,4,0,15442025,15442568
639,639,4,0,15442026,15442569
639,639,4,0,15442027,15442570
639,639,4,0,15442028,15442571
639,639,4,0,15442029,15442572
639,639,4,0,15442030,15442573
639,639,4,0,15442031,15442574
639,639,4,0,15442032,15442575
639,639,4,0,15442033,15442576
639,639,4,0,15442034,15442577
639,639,4,0,15442035,15442578
639,639,4,0,15442036,15442579
639,639,4,0,15442037,15442580
639,639,4,0,15442038,15442581
639,639,4,0,15442039,15442582
639,639,4,0,15442040,15442583
639,639,4,0,15442041,15442584
639,639,4,0,15442042,15442585
639,639,4,0,15442043,15442586
639,639,4,0,15442044,15442587
639,639,4,0,15442045,15442588
639,639,4,0,15442046,15442589
639,639,4,0,15442047,15442590
639,639,4,0,15442048,15442591
639,639,4,0,15442049,15442592
639,639,4,0,15442050,15442593
639,639,4,0,15442051,15442594
639,639,4,0,15442052,15442595
639,639,4,0,15442053,15442596
639,639,4,0,15442054,15442597
639,639,4,0,15442055,15442598
639,639,4,0,15442056,15442599
639,639,4,0,15442057,15442600
639,639,4,0,15442058,15442601
639,639,4,0,15442059,15442602
639,639,4,0,15442060,15442603
639,639,4,0,15442061,15442604
639,639,4,0,15442062,15442605
639,639,4,0,15442063,15442606
639,639,4,0,15442172,15442826
639,639,4,0,15442173,15442833
639,639,4,0,15442174,15442799
639,639,4,0,15442175,15442739
639,639,4,0,15442176,15442823
639,639,4,0,15442177,15442778
639,639,4,0,15442178,15442819
639,639,4,0,15442179,15442785
639,639,4,0,15442180,15442818
639,639,4,0,15442181,15442783
639,639,4,0,15442182,15442810
639,639,4,0,15442183,15442797
639,639,4,0,15442184,15442753
639,639,4,0,15442185,15442796
639,639,4,0,15442186,15442816
639,639,4,0,15442187,15442795
639,639,4,0,15442188,15442789
639,639,4,0,15442189,15442835
639,639,4,0,15442190,15442827
639,639,4,0,15442191,15442831
639,639,4,0,15442192,15442836
639,639,4,0,15442193,15442750
639,639,4,0,15442194,15442775
639,639,4,0,15442195,15442745
639,639,4,0,15442196,15442740
639,639,4,0,15442197,15442767
639,639,4,0,15442198,15442765
639,639,4,0,15442199,15442820
639,639,4,0,15442200,15442782
639,639,4,0,15442201,15442808
639,639,4,0,15442202,15442759
639,639,4,0,15442203,15442809
639,639,4,0,15442204,15442814
639,639,4,0,15442205,15442762
639,639,4,0,15442206,15442770
639,639,4,0,15442207,15442757
639,639,4,0,15442208,15442774
639,639,4,0,15442209,15442758
639,639,4,0,15442210,15442804
639,639,4,0,15442211,15442798
639,639,4,0,15442212,15442791
639,639,4,0,15442213,15442815
639,639,4,0,15442214,15442800
639,639,4,0,15442215,15442794
639,639,4,0,15442216,15442807
639,639,4,0,15442217,15442773
639,639,4,0,15442218,15442803
639,639,4,0,15442219,15442824
639,639,4,0,15442220,15442801
639,639,4,0,15442221,15442790
639,639,4,0,15442222,15442766
639,639,4,0,15442223,15442761
639,639,4,0,15442224,15442821
639,639,4,0,15442225,15442772
639,639,4,0,15442226,15442751
639,639,4,0,15442227,15442742
639,639,4,0,15442228,15442752
639,639,4,0,15442229,15442769
639,639,4,0,15442230,15442813
639,639,4,0,15442231,15442744
639,639,4,0,15442232,15442755
639,639,4,0,15442233,15442777
639,639,4,0,15442234,15442748
639,639,4,0,15442235,15442780
639,639,4,0,15442236,15442792
639,639,4,0,15442237,15442793
639,639,4,0,15442238,15442822
639,639,4,0,15442239,15442776
639,639,4,0,15442240,15442756
639,639,4,0,15442241,15442763
639,639,4,0,15442242,15442743
639,639,4,0,15442243,15442802
639,639,4,0,15442244,15442771
639,639,4,0,15442245,15442832
639,639,4,0,15442246,15442786
639,639,4,0,15442247,15442764
639,639,4,0,15442248,15442779
639,639,4,0,15442249,15442760
639,639,4,0,15442250,15442746
639,639,4,0,15442251,15442805
639,639,4,0,15442252,15442806
639,639,4,0,15442253,15442741
639,639,4,0,15442254,15442811
639,639,4,0,15442255,15442754
639,639,4,0,15442256,15442834
639,639,4,0,15442257,15442787
639,639,4,0,15442258,15442817
639,639,4,0,15442259,15442749
639,639,4,0,15442260,15442825
639,639,4,0,15442261,15442768
639,639,4,0,15442262,15442788
639,639,4,0,15442263,15442784
639,639,4,0,15442264,15442781
639,639,4,0,15442265,15442747
639,639,4,0,15442266,15442812
639,639,4,0,15442267,15442828
639,639,4,0,15442268,15442829
639,639,4,0,15442269,15442830
639,639,4,0,15442270,15442837
639,639,4,0,15442271,15442838
639,639,4,0,15442272,15442839
639,639,4,0,15442273,15442840
639,639,4,0,15442274,15442841
639,639,4,0,15442275,15442842
639,639,4,0,15442276,15442843
639,639,4,0,15442382,15442973
639,639,4,0,15442383,15443014
639,639,4,0,15442384,15443037
639,639,4,0,15442385,15443038
639,639,4,0,15442386,15442994
639,639,4,0,15442387,15442980
639,639,4,0,15442388,15442970
639,639,4,0,15442389,15442969
639,639,4,0,15442390,15442958
639,639,4,0,15442391,15443004
639,639,4,0,15442392,15442963
639,639,4,0,15442393,15442995
639,639,4,0,15442394,15443002
639,639,4,0,15442395,15442987
639,639,4,0,15442396,15442990
639,639,4,0,15442397,15442989
639,639,4,0,15442398,15443005
639,639,4,0,15442399,15442959
639,639,4,0,15442400,15443041
639,639,4,0,15442401,15443015
639,639,4,0,15442402,15443035
639,639,4,0,15442403,15442977
639,639,4,0,15442404,15443012
639,639,4,0,15442405,15442964
639,639,4,0,15442406,15443018
639,639,4,0,15442407,15442965
639,639,4,0,15442408,15442951
639,639,4,0,15442409,15442985
639,639,4,0,15442410,15443020
639,639,4,0,15442411,15443019
639,639,4,0,15442412,15443034
639,639,4,0,15442413,15442993
639,639,4,0,15442414,15443007
639,639,4,0,15442415,15443021
639,639,4,0,15442416,15443011
639,639,4,0,15442417,15443031
639,639,4,0,15442418,15442962
639,639,4,0,15442419,15442957
639,639,4,0,15442420,15442976
639,639,4,0,15442421,15442975
639,639,4,0,15442422,15443025
639,639,4,0,15442423,15443026
639,639,4,0,15442424,15442953
639,639,4,0,15442425,15442979
639,639,4,0,15442426,15443033
639,639,4,0,15442427,15442960
639,639,4,0,15442428,15443010
639,639,4,0,15442429,15442954
639,639,4,0,15442430,15442955
639,639,4,0,15442431,15443013
639,639,4,0,15442432,15443028
639,639,4,0,15442433,15442961
639,639,4,0,15442434,15442950
639,639,4,0,15442435,15442984
639,639,4,0,15442436,15442988
639,639,4,0,15442437,15443003
639,639,4,0,15442438,15442952
639,639,4,0,15442439,15443036
639,639,4,0,15442440,15442974
639,639,4,0,15442441,15442967
639,639,4,0,15442442,15442956
639,639,4,0,15442443,15443016
639,639,4,0,15442444,15443040
639,639,4,0,15442445,15443006
639,639,4,0,15442446,15443001
639,639,4,0,15442447,15443029
639,639,4,0,15442448,15443017
639,639,4,0,15442449,15442996
639,639,4,0,15442450,15443022
639,639,4,0,15442451,15442972
639,639,4,0,15442452,15442983
639,639,4,0,15442453,15442991
639,639,4,0,15442454,15442992
639,639,4,0,15442455,15443024
639,639,4,0,15442456,15443023
639,639,4,0,15442457,15442971
639,639,4,0,15442458,15442986
639,639,4,0,15442459,15443027
639,639,4,0,15442460,15443009
639,639,4,0,15442461,15443039
639,639,4,0,15442462,15442981
639,639,4,0,15442463,15442997
639,639,4,0,15442464,15443030
639,639,4,0,15442465,15442982
639,639,4,0,15442466,15442998
639,639,4,0,15442467,15442999
639,639,4,0,15442468,15443008
639,639,4,0,15442469,15443000
639,639,4,0,15442470,15443032
639,639,4,0,15442471,15442968
639,639,4,0,15442472,15442978
639,639,4,0,15442473,15443042
639,639,4,0,15442474,15443043
639,639,4,0,15442475,15443044
639,639,4,0,15442476,15443045
639,639,4,0,15442477,15442966
6455,4845,0,240,,
6455,4939,0,240,,
6455,5093,0,240,,
6455,5230,0,240,,
6455,5244,0,240,,
6455,5553,0,240,,
6455,5997,0,240,,
6455,6080,0,240,,
6455,6455,0,240,,
6456,10880,0,240,,
6456,10881,0,240,,
6456,11764,0,240,,
6456,11882,0,240,,
6456,5045,0,240,,
6456,5122,0,240,,
6456,5262,0,240,,
6456,5494,0,240,,
6456,5667,0,240,,
6456,5768,0,240,,
6456,5769,0,240,,
6456,5793,0,240,,
6456,5891,0,240,,
6456,6467,0,240,,
6456,8057,0,240,,
6456,8060,0,240,,
6458,10914,0,240,,
6458,5148,0,240,,
6458,5252,0,240,,
6458,5890,0,240,,
6458,7639,0,240,,
6458,8055,0,240,,
6458,8062,0,240,,
6459,11074,0,240,,
6459,5456,0,240,,
6459,5516,0,240,,
6459,6459,0,240,,
646,12168,0,240,,
646,12625,2,300,,
646,12626,2,300,,
646,1907,0,240,,
646,301,2,300,,
646,646,0,240,,
646,744,2,300,,
6464,5585,0,240,,
6464,5601,0,240,,
6466,6175,0,240,,
6466,6194,0,240,,
6466,6466,0,240,,
6467,10880,0,240,,
6467,11764,2,300,,
6467,11882,0,240,,
6467,5045,0,240,,
6467,5122,0,240,,
6467,5262,0,240,,
6467,5494,0,240,,
6467,5667,0,240,,
6467,5768,2,300,,
6467,5769,0,240,,
6467,5793,0,240,,
6467,5891,0,240,,
6467,8057,0,240,,
6467,8060,0,240,,
6470,6006,0,240,,
6470,6068,0,240,,
6470,6470,0,240,,
6470,6479,2,300,,
6472,5336,2,480,,
6472,6472,0,240,,
6475,10199,2,360,,
6475,6475,0,240,,
6475,7102,0,240,,
6479,6006,0,240,,
6479,6068,0,240,,
6483,6483,0,240,,
6483,6578,2,360,,
6489,6820,0,240,,
650,12891,0,240,,
650,797,0,240,,
6504,6548,2,300,,
6508,6508,0,240,,
6508,6545,2,300,,
6508,6888,2,300,,
6510,10522,2,300,,
6512,6512,0,240,,
6532,6949,2,300,,
6532,7001,0,240,,
6534,12312,2,300,,
6534,6534,0,240,,
6535,2098,2,300,,
6535,6682,2,360,,
6541,6512,2,300,,
6545,6888,2,300,,
655,1316,0,240,,
655,1347,0,240,,
6563,6820,0,240,,
6563,6858,2,300,,
6566,11208,0,240,,
6566,6486,0,240,,
6566,6802,0,240,,
6572,9634,0,240,,
6578,6482,0,240,,
6578,6578,0,240,,
6587,6808,0,240,,
6587,6908,2,300,,
659,1079,0,240,,
659,1130,0,240,,
659,12667,2,300,,
659,709,0,240,,
6590,9564,0,240,,
6590,9580,0,240,,
6600,6881,2,300,,
6603,6634,2,300,,
6603,6684,2,300,,
6605,6608,2,360,,
6610,6610,0,240,,
6610,6753,2,360,,
663,11009,0,240,,
663,11015,0,240,,
6630,11293,2,360,,
6630,11387,2,360,,
6630,11388,2,360,,
6630,13077,2,360,,
6630,6630,0,240,,
6637,6881,0,240,,
6646,9564,0,240,,
6646,9580,0,240,,
6648,6808,0,240,,
6648,6908,0,240,,
665,1198,0,240,,
665,666,0,240,,
666,1198,0,240,,
666,665,0,240,,
666,666,0,240,,
666,704,0,240,,
6661,11932,0,240,,
6661,6781,0,240,,
6675,9570,0,240,,
6675,9574,0,240,,
668,11623,0,240,,
668,669,0,240,,
6682,10426,2,300,,
6682,2098,2,420,,
6682,6682,0,240,,
6682,8380,2,360,,
669,11623,0,240,,
669,668,0,240,,
669,701,0,240,,
6691,9570,0,240,,
6691,9574,0,240,,
6700,6667,2,360,,
6700,6739,2,300,,
6706,8282,2,300,,
6725,6921,0,240,,
6725,6942,0,240,,
6727,5216,0,240,,
6727,6727,0,240,,
6727,6736,0,240,,
6727,7468,0,240,,
6727,7469,0,240,,
6727,7591,2,120,,
6727,7635,0,240,,
6728,5218,0,240,,
6730,12205,2,360,,
6730,12546,2,300,,
6733,6731,2,360,,
6733,6733,0,240,,
6734,12205,2,300,,
6734,12546,2,300,,
6734,6730,2,360,,
6734,6734,0,240,,
6736,5216,0,240,,
6736,6727,0,240,,
6736,7468,0,240,,
6736,7469,2,120,,
6736,7591,2,120,,
6736,7635,0,240,,
6738,5218,0,240,,
6738,6738,0,240,,
6741,6921,0,240,,
6741,6942,0,240,,
675,675,0,240,,
6753,11243,0,240,,
6753,11247,2,300,,
6753,11707,0,240,,
6753,12716,0,240,,
6753,6753,0,240,,
6765,6915,0,240,,
6766,6766,0,240,,
6766,6783,0,240,,
6777,6777,0,240,,
6778,6778,0,240,,
678,678,4,0,15451733,15443241
678,955,2,300,,
6781,11932,0,240,,
6781,6661,0,240,,
6781,6781,0,240,,
6781,8283,2,480,,
6781,8483,2,480,,
6805,9560,0,240,,
6808,6587,0,240,,
6808,6648,0,240,,
6820,6489,0,240,,
6820,6563,0,240,,
6823,9562,0,240,,
6823,9582,0,240,,
6838,6884,2,300,,
6838,6892,2,300,,
6840,10519,2,300,,
6840,6608,2,420,,
6840,6841,2,300,,
6858,6489,0,240,,
6858,6563,0,240,,
6874,9567,0,240,,
6881,6600,0,240,,
6881,6637,2,300,,
6884,6838,0,240,,
6884,6843,2,300,,
6888,6545,2,300,,
689,690,0,240,,
689,728,0,240,,
6892,6843,2,300,,
690,689,0,240,,
690,898,0,240,,
6901,9567,2,900,,
6902,9567,0,240,,
6902,9576,2,300,,
6902,9577,0,240,,
6908,6587,0,240,,
6908,6648,0,240,,
6919,6919,0,240,,
6919,6944,0,240,,
6921,6725,0,240,,
6921,6741,0,240,,
694,722,2,300,,
6942,6725,0,240,,
6942,6741,0,240,,
6949,2101,0,240,,
695,12556,2,300,,
695,1572,0,240,,
695,8045,0,240,,
695,8072,0,240,,
6951,6951,0,240,,
6951,6999,0,240,,
6951,8385,0,240,,
6958,1334,2,480,,
6958,6958,0,240,,
6958,6992,0,240,,
696,1283,0,240,,
696,232,2,300,,
696,2738,2,360,,
696,524,0,240,,
696,942,2,360,,
6969,6987,2,360,,
6969,9849,2,420,,
6971,6971,0,240,,
6987,9849,2,360,,
6988,6962,0,240,,
6988,6988,0,240,,
6991,6959,0,240,,
6991,6991,0,240,,
6991,7046,0,240,,
6992,1334,2,480,,
6994,6994,0,240,,
7001,2101,0,240,,
7001,6532,0,240,,
701,11623,0,240,,
701,669,0,240,,
702,12982,0,240,,
702,1538,0,240,,
702,667,0,240,,
702,702,0,240,,
7023,8823,0,240,,
7025,12873,2,360,,
7025,1329,2,360,,
7025,2160,0,240,,
7025,2227,2,300,,
7029,7029,0,240,,
704,1198,0,240,,
704,666,0,240,,
7050,7050,4,0,15494292,15494273
7050,7050,4,0,15494293,15494274
7050,7050,4,0,15494294,15494275
7050,7050,4,0,15494295,15494261
7050,7050,4,0,15494296,15494279
7050,7050,4,0,15494297,15494281
7050,7050,4,0,15494298,15494280
7050,7050,4,0,15494299,15494282
7050,7050,4,0,15494300,15494259
7050,7050,4,0,15494301,15494278
7050,7050,4,0,15494302,15494257
7050,7050,4,0,15494303,15494258
7050,7050,4,0,15494304,15494283
7050,7050,4,0,15494305,15494284
7050,7050,4,0,15494306,15494260
7050,7050,4,0,15494307,15494256
7050,7050,4,0,15494308,15494262
7050,7050,4,0,15494309,15494263
7050,7050,4,0,15494310,15494264
7050,7050,4,0,15494311,15494265
7050,7050,4,0,15494312,15494266
7050,7050,4,0,15494313,15494272
7050,7050,4,0,15494314,15494267
7050,7050,4,0,15494315,15494268
7050,7050,4,0,15494316,15494269
7050,7050,4,0,15494317,15494270
7050,7050,4,0,15494318,15494271
7050,7050,4,0,15494319,15494276
7050,7050,4,0,15494320,15494277
7050,7050,4,0,15494321,15494285
7050,7050,4,0,15494322,15494286
7050,7050,4,0,15494323,15494287
7050,7050,4,0,15494324,15494260
7050,7050,4,0,15494325,15494288
7050,7050,4,0,15494326,15494289
7050,7050,4,0,15494327,15494290
7050,7050,4,0,15494328,15494291
7050,7050,4,0,15494350,15494330
7050,7050,4,0,15494351,15494329
7050,7050,4,0,15494352,15494331
7050,7050,4,0,15494353,15494332
7050,7050,4,0,15494354,15494333
7050,7050,4,0,15494355,15494334
7050,7050,4,0,15494356,15494335
7050,7050,4,0,15494357,15494336
7050,7050,4,0,15494358,15494337
7050,7050,4,0,15494359,15494338
7050,7050,4,0,15494360,15494339
7050,7050,4,0,15494361,15494340
7050,7050,4,0,15494362,15494341
7050,7050,4,0,15494363,15494342
7050,7050,4,0,15494364,15494343
7050,7050,4,0,15494365,15494344
7050,7050,4,0,15494366,15494345
7050,7050,4,0,15494367,15494346
7050,7050,4,0,15494368,15494347
7050,7050,4,0,15494369,15494348
7050,7050,4,0,15494370,15494349
706,11009,0,240,,
706,11015,0,240,,
7070,7070,0,240,,
7081,7177,2,300,,
7086,7086,0,240,,
7086,7172,0,240,,
709,1254,0,240,,
709,659,0,240,,
7091,7092,2,360,,
7093,7093,0,240,,
7093,7097,0,240,,
7095,5352,0,240,,
7095,7166,0,240,,
7095,7207,0,240,,
7095,7214,0,240,,
7095,7259,0,240,,
7096,7096,0,240,,
7100,7100,0,240,,
7100,9492,2,300,,
7102,6475,0,240,,
7106,7106,0,240,,
7106,7108,0,240,,
7106,7140,2,300,,
7108,12437,2,300,,
7108,7106,2,300,,
7125,7123,0,240,,
713,1316,0,240,,
713,1347,0,240,,
7140,12437,0,240,,
7140,7106,2,300,,
7145,10629,2,360,,
7150,5345,2,300,,
7154,8952,2,360,,
7155,7155,0,240,,
7166,5352,0,240,,
7166,7095,0,240,,
7166,7166,0,240,,
7166,7207,0,240,,
7166,7214,0,240,,
7166,7259,0,240,,
7169,5345,2,300,,
717,12891,0,240,,
7171,7171,0,240,,
7173,7173,0,240,,
718,12891,2,300,,
718,650,0,240,,
718,718,0,240,,
718,797,0,240,,
7192,7192,4,0,15497235,15497231
7192,7192,4,0,15497236,15497232
7192,7192,4,0,15497237,15497233
7192,7192,4,0,15497238,15497230
7192,7192,4,0,15497239,15497216
7192,7192,4,0,15497240,15497217
7192,7192,4,0,15497241,15497218
7192,7192,4,0,15497242,15497219
7192,7192,4,0,15497243,15497220
7192,7192,4,0,15497244,15497221
7192,7192,4,0,15497245,15497222
7192,7192,4,0,15497246,15497223
7192,7192,4,0,15497247,15497224
7192,7192,4,0,15497248,15497225
7192,7192,4,0,15497249,15497226
7192,7192,4,0,15497250,15497227
7192,7192,4,0,15497251,15497228
7192,7192,4,0,15497252,15497229
7192,7192,4,0,15497269,15497254
7192,7192,4,0,15497270,15497255
7192,7192,4,0,15497271,15497256
7192,7192,4,0,15497272,15497257
7192,7192,4,0,15497273,15497258
7192,7192,4,0,15497274,15497259
7192,7192,4,0,15497275,15497260
7192,7192,4,0,15497276,15497261
7192,7192,4,0,15497277,15497262
7192,7192,4,0,15497278,15497263
7192,7192,4,0,15497279,15497264
7192,7192,4,0,15497280,15497265
7192,7192,4,0,15497281,15497266
7192,7192,4,0,15497282,15497267
7192,7192,4,0,15497283,15497268
7192,7192,4,0,15497298,15497297
7192,7192,4,0,15497299,15497284
7192,7192,4,0,15497300,15497285
7192,7192,4,0,15497301,15497286
7192,7192,4,0,15497302,15497287
7192,7192,4,0,15497303,15497288
7192,7192,4,0,15497304,15497291
7192,7192,4,0,15497305,15497292
7192,7192,4,0,15497306,15497293
7192,7192,4,0,15497307,15497294
7192,7192,4,0,15497308,15497295
7192,7192,4,0,15497309,15497290
7192,7192,4,0,15497310,15497296
7198,7188,0,240,,
7198,7198,0,240,,
7199,7187,2,360,,
7207,12173,2,300,,
7207,5352,0,240,,
7207,7095,0,240,,
7207,7166,0,240,,
7207,7214,0,240,,
7207,7259,0,240,,
7214,12173,0,240,,
7214,5352,0,240,,
7214,7095,0,240,,
7214,7166,0,240,,
7214,7207,0,240,,
7214,7214,0,240,,
7214,7259,0,240,,
7217,7217,4,0,15496926,15496843
7217,7217,4,0,15496927,15496844
7217,7217,4,0,15496928,15496845
7217,7217,4,0,15496929,15496846
7217,7217,4,0,15496930,15496847
7217,7217,4,0,15496931,15496848
7217,7217,4,0,15496932,15496849
7217,7217,4,0,15496933,15496850
7217,7217,4,0,15496934,15496851
7217,7217,4,0,15496935,15496852
7217,7217,4,0,15496936,15496853
7217,7217,4,0,15496937,15496854
7217,7217,4,0,15496938,15496855
7217,7217,4,0,15496939,15496856
7217,7217,4,0,15496940,15496857
7217,7217,4,0,15496941,15496858
7217,7217,4,0,15496942,15496842
7217,7217,4,0,15496943,15496859
7217,7217,4,0,15496963,15496877
7217,7217,4,0,15496964,15496878
7217,7217,4,0,15496965,15496879
7217,7217,4,0,15496966,15496880
7217,7217,4,0,15496967,15496881
7217,7217,4,0,15496968,15496882
7217,7217,4,0,15496969,15496883
7217,7217,4,0,15496970,15496884
7217,7217,4,0,15496971,15496885
7217,7217,4,0,15496972,15496886
7217,7217,4,0,15496973,15496887
7217,7217,4,0,15496974,15496888
7217,7217,4,0,15496975,15496889
7217,7217,4,0,15496976,15496890
7217,7217,4,0,15496977,15496891
7217,7217,4,0,15496978,15496892
7217,7217,4,0,15496979,15496893
7217,7217,4,0,15496997,15496924
7217,7217,4,0,15496998,15496923
7217,7217,4,0,15496999,15496922
7217,7217,4,0,15497000,15496921
7217,7217,4,0,15497001,15496920
7217,7217,4,0,15497002,15496919
7217,7217,4,0,15497003,15496918
7217,7217,4,0,15497004,15496917
7217,7217,4,0,15497005,15496916
7217,7217,4,0,15497006,15496915
7217,7217,4,0,15497007,15496914
7217,7217,4,0,15497008,15496913
7217,7217,4,0,15497009,15496912
7217,7217,4,0,15497010,15496911
7217,7217,4,0,15497011,15496910
7217,7217,4,0,15497012,15496925
7223,8960,2,360,,
7236,7236,0,0,,
7259,12173,0,240,,
7259,5352,0,240,,
7259,7095,0,240,,
7259,7166,0,240,,
7259,7207,0,240,,
7259,7214,0,240,,
7259,7259,0,240,,
728,689,0,240,,
728,898,0,240,,
7281,7281,0,240,,
7302,7302,0,240,,
7306,7306,0,240,,
7328,7261,2,300,,
7347,12188,2,300,,
7357,8960,2,300,,
737,442,2,600,,
737,678,0,240,,
737,742,2,300,,
738,441,2,600,,
7384,7384,0,240,,
74,11563,2,300,,
74,75,0,240,,
74,98,0,240,,
7416,8922,2,300,,
742,737,2,300,,
742,955,0,240,,
7429,7495,0,240,,
744,12168,2,300,,
744,12625,2,300,,
744,12626,2,300,,
744,1907,0,240,,
744,301,0,240,,
744,646,0,240,,
744,744,0,240,,
7444,7444,0,240,,
7444,7503,0,240,,
7444,7562,0,240,,
7445,7445,0,240,,
7445,7493,2,300,,
7446,7493,0,240,,
7446,7501,0,240,,
7446,7533,0,240,,
7449,7450,2,120,,
7449,7555,0,240,,
745,12027,0,240,,
7450,7450,0,240,,
7450,7489,0,240,,
7460,7460,0,240,,
7464,7475,2,360,,
7464,7576,0,240,,
7468,5216,0,240,,
7468,6727,0,240,,
7468,6736,0,240,,
7468,7468,0,240,,
7468,7469,0,240,,
7468,7591,0,240,,
7468,7635,0,240,,
7469,5216,2,120,,
7469,6727,0,240,,
7469,6736,2,120,,
7469,7468,0,240,,
7469,7591,2,120,,
7469,7635,0,240,,
7478,7461,2,360,,
7478,7478,0,240,,
7489,7489,0,240,,
7493,7446,0,240,,
7493,7493,0,240,,
7493,7533,0,240,,
75,11427,2,480,,
75,11542,2,420,,
75,48,0,240,,
75,74,0,240,,
7501,7493,0,240,,
7501,7501,0,240,,
7503,7503,0,240,,
7516,7516,4,0,15498020,15498007
7516,7516,4,0,15498021,15498008
7516,7516,4,0,15498022,15498009
7516,7516,4,0,15498023,15498010
7516,7516,4,0,15498024,15498011
7516,7516,4,0,15498025,15498012
7516,7516,4,0,15498026,15498013
7516,7516,4,0,15498027,15498014
7516,7516,4,0,15498028,15498015
7516,7516,4,0,15498029,15498016
7516,7516,4,0,15498030,15498017
7516,7516,4,0,15498031,15498018
7516,7516,4,0,15498032,15498019
7516,7516,4,0,15498291,15498288
7516,7516,4,0,15498292,15498289
7516,7516,4,0,15498293,15498290
7516,7516,4,0,15498294,15498280
7516,7516,4,0,15498295,15498281
7516,7516,4,0,15498296,15498282
7516,7516,4,0,15498297,15498284
7516,7516,4,0,15498298,15498287
7516,7516,4,0,15498299,15498278
7516,7516,4,0,15498300,15498279
7516,7516,4,0,15498301,15498283
7516,7516,4,0,15498302,15498285
7516,7516,4,0,15498303,15498286
7516,7516,4,0,15498316,15498315
7516,7516,4,0,15498317,15498304
7516,7516,4,0,15498318,15498306
7516,7516,4,0,15498319,15498308
7516,7516,4,0,15498320,15498309
7516,7516,4,0,15498321,15498307
7516,7516,4,0,15498322,15498310
7516,7516,4,0,15498323,15498311
7516,7516,4,0,15498324,15498312
7516,7516,4,0,15498325,15498313
7516,7516,4,0,15498326,15498314
7516,7516,4,0,15498327,15498305
7516,7516,4,0,15498339,15498332
7516,7516,4,0,15498340,15498336
7516,7516,4,0,15498341,15498337
7516,7516,4,0,15498342,15498338
7516,7516,4,0,15498343,15498333
7516,7516,4,0,15498344,15498329
7516,7516,4,0,15498345,15498331
7516,7516,4,0,15498346,15498328
7516,7516,4,0,15498347,15498330
7516,7516,4,0,15498348,15498334
7516,7516,4,0,15498349,15498335
7525,11206,0,240,,
7525,7525,0,240,,
7525,7563,0,240,,
7544,7544,4,0,15498045,15498033
7544,7544,4,0,15498046,15498034
7544,7544,4,0,15498047,15498035
7544,7544,4,0,15498048,15498036
7544,7544,4,0,15498049,15498037
7544,7544,4,0,15498050,15498038
7544,7544,4,0,15498051,15498039
7544,7544,4,0,15498052,15498040
7544,7544,4,0,15498053,15498041
7544,7544,4,0,15498054,15498042
7544,7544,4,0,15498055,15498043
7544,7544,4,0,15498056,15498044
7572,7572,4,0,15498063,15498057
7572,7572,4,0,15498064,15498058
7572,7572,4,0,15498065,15498059
7572,7572,4,0,15498066,15498060
7572,7572,4,0,15498067,15498061
7572,7572,4,0,15498068,15498062
7572,7572,4,0,15498373,15498360
7572,7572,4,0,15498374,15498361
7572,7572,4,0,15498375,15498366
7572,7572,4,0,15498376,15498367
7572,7572,4,0,15498377,15498368
7572,7572,4,0,15498378,15498350
7572,7572,4,0,15498379,15498369
7572,7572,4,0,15498380,15498370
7572,7572,4,0,15498381,15498351
7572,7572,4,0,15498382,15498352
7572,7572,4,0,15498383,15498353
7572,7572,4,0,15498384,15498354
7572,7572,4,0,15498385,15498364
7572,7572,4,0,15498386,15498357
7572,7572,4,0,15498387,15498358
7572,7572,4,0,15498388,15498359
7572,7572,4,0,15498389,15498362
7572,7572,4,0,15498390,15498363
7572,7572,4,0,15498391,15498365
7572,7572,4,0,15498392,15498355
7572,7572,4,0,15498393,15498356
7572,7572,4,0,15498394,15498371
7572,7572,4,0,15498395,15498372
7572,7572,4,0,15498417,15498416
7572,7572,4,0,15498418,15498403
7572,7572,4,0,15498419,15498404
7572,7572,4,0,15498420,15498406
7572,7572,4,0,15498421,15498405
7572,7572,4,0,15498422,15498407
7572,7572,4,0,15498423,15498408
7572,7572,4,0,15498424,15498409
7572,7572,4,0,15498425,15498410
7572,7572,4,0,15498426,15498411
7572,7572,4,0,15498427,15498412
7572,7572,4,0,15498428,15498413
7572,7572,4,0,15498429,15498414
7572,7572,4,0,15498430,15498415
7572,7572,4,0,15498431,15498396
7572,7572,4,0,15498432,15498397
7572,7572,4,0,15498433,15498398
7572,7572,4,0,15498434,15498399
7572,7572,4,0,15498435,15498400
7572,7572,4,0,15498436,15498401
7572,7572,4,0,15498437,15498402
7572,7572,4,0,15498454,15498451
7572,7572,4,0,15498455,15498452
7572,7572,4,0,15498456,15498453
7572,7572,4,0,15498457,15498438
7572,7572,4,0,15498458,15498439
7572,7572,4,0,15498459,15498440
7572,7572,4,0,15498460,15498441
7572,7572,4,0,15498461,15498442
7572,7572,4,0,15498462,15498443
7572,7572,4,0,15498463,15498444
7572,7572,4,0,15498464,15498445
7572,7572,4,0,15498465,15498446
7572,7572,4,0,15498466,15498447
7572,7572,4,0,15498467,15498448
7572,7572,4,0,15498468,15498449
7572,7572,4,0,15498469,15498450
7576,7629,0,240,,
758,1980,0,240,,
758,2054,0,240,,
7591,5216,2,120,,
7591,6727,0,240,,
7591,6736,2,120,,
7591,7468,2,120,,
7591,7469,2,120,,
7591,7591,2,120,,
7591,7635,0,240,,
76,12375,2,420,,
76,12681,2,300,,
76,76,0,240,,
76,8040,2,420,,
76,8535,2,360,,
76,9128,2,480,,
76,9307,0,240,,
7602,7602,4,0,15498075,15498069
7602,7602,4,0,15498076,15498070
7602,7602,4,0,15498077,15498071
7602,7602,4,0,15498078,15498072
7602,7602,4,0,15498079,15498073
7602,7602,4,0,15498080,15498074
761,12669,2,300,,
761,12672,0,240,,
761,195,2,300,,
761,811,0,240,,
7622,7622,4,0,15498473,15498503
7622,7622,4,0,15498475,15498505
7622,7622,4,0,15498476,15498509
7622,7622,4,0,15498478,15498507
7622,7622,4,0,15498481,15498511
7622,7622,4,0,15498483,15498493
7622,7622,4,0,15498485,15498495
7622,7622,4,0,15498486,15498501
7622,7622,4,0,15498488,15498497
7622,7622,4,0,15498490,15498513
7622,7622,4,0,15498491,15498514
7622,7622,4,0,15498517,15498548
7622,7622,4,0,15498519,15498550
7622,7622,4,0,15498521,15498552
7622,7622,4,0,15498524,15498556
7622,7622,4,0,15498526,15498538
7622,7622,4,0,15498528,15498540
7622,7622,4,0,15498530,15498541
7622,7622,4,0,15498532,15498543
7622,7622,4,0,15498534,15498545
7622,7622,4,0,15498536,15498554
7635,5216,0,240,,
7635,6727,2,120,,
7635,6736,0,240,,
7635,7468,0,240,,
7635,7469,0,240,,
7635,7591,0,240,,
7635,7635,0,240,,
7639,10914,0,240,,
7639,5148,0,240,,
7639,5252,0,240,,
7639,5890,0,240,,
7639,6458,0,240,,
7639,7639,0,240,,
7643,12234,0,240,,
7643,12647,0,240,,
7643,3053,0,240,,
7643,3067,0,240,,
7643,3195,0,240,,
7643,3394,0,240,,
7643,3533,0,240,,
7643,3769,0,240,,
7643,3904,0,240,,
7643,3906,0,240,,
7643,3927,0,240,,
7643,8032,2,120,,
7644,12043,2,360,,
7649,7649,0,240,,
7650,11559,2,360,,
7650,7650,0,240,,
7650,7736,2,300,,
7650,8023,0,240,,
7650,8030,0,240,,
7652,7652,0,240,,
7656,10277,2,300,,
7656,7729,2,300,,
7658,12498,0,240,,
7658,7743,0,240,,
7658,7827,0,240,,
7658,8024,2,120,,
7658,8029,2,120,,
7662,7828,2,300,,
7666,10299,2,420,,
7666,10310,2,420,,
7672,7714,2,300,,
7672,9652,2,300,,
7680,7680,0,240,,
7685,12444,2,300,,
7685,7685,0,240,,
7685,7703,2,300,,
7699,12921,0,240,,
77,10400,0,240,,
77,11302,2,360,,
77,11438,2,360,,
77,11526,0,240,,
77,11616,0,240,,
77,13126,0,240,,
77,4881,2,120,,
77,77,0,240,,
77,95,0,240,,
77,96,0,240,,
7703,12444,2,300,,
7703,7685,2,300,,
7707,10345,2,300,,
7719,10299,2,420,,
7719,10310,2,420,,
7727,12498,0,240,,
7727,7743,0,240,,
7727,7827,0,240,,
7727,8024,2,120,,
7727,8029,2,120,,
7732,11976,0,240,,
7732,7654,2,300,,
7732,7732,0,240,,
7736,8023,0,240,,
7736,8030,0,240,,
7737,7737,0,240,,
774,1977,0,240,,
774,2057,0,240,,
774,774,0,240,,
774,863,0,240,,
7742,3056,2,360,,
7742,3872,2,420,,
7743,12498,0,240,,
7743,7658,0,240,,
7743,7727,0,240,,
7743,7827,0,240,,
7743,8024,2,120,,
7743,8029,2,120,,
7745,12639,2,300,,
7768,12580,0,240,,
7768,7768,0,240,,
7768,7777,0,240,,
7768,8025,2,120,,
7768,8028,2,120,,
7771,7680,2,300,,
7777,8028,2,120,,
779,13121,2,180,,
779,779,0,240,,
779,856,2,120,,
78,11438,2,360,,
78,35,2,360,,
78,77,0,240,,
78,78,0,240,,
78,8019,2,480,,
78,8035,2,540,,
78,938,2,360,,
78,95,0,240,,
7804,12639,2,300,,
782,10619,0,240,,
782,10620,2,300,,
7827,12498,0,240,,
7827,7658,0,240,,
7827,7727,0,240,,
7827,7743,0,240,,
7827,8024,2,120,,
7827,8029,2,120,,
785,1147,2,360,,
7851,12470,0,240,,
7851,7851,0,240,,
7851,7857,0,240,,
7861,12444,2,300,,
7864,11439,2,300,,
7865,12481,2,360,,
789,1533,0,240,,
789,1580,0,240,,
7929,7929,4,0,15500778,15500786
7929,7929,4,0,15500779,15500789
7929,7929,4,0,15500780,15500787
7929,7929,4,0,15500781,15500790
7929,7929,4,0,15500782,15500791
7929,7929,4,0,15500783,15500792
7929,7929,4,0,15500784,15500785
7929,7929,4,0,15500793,15500803
7929,7929,4,0,15500794,15500804
7929,7929,4,0,15500795,15500800
7929,7929,4,0,15500796,15500799
7929,7929,4,0,15500797,15500801
7929,7929,4,0,15500798,15500802
793,11010,0,240,,
793,11022,0,240,,
7956,7956,0,240,,
797,12134,0,240,,
797,12668,2,300,,
797,650,0,240,,
797,718,0,240,,
7979,7979,4,0,15500752,15500760
7979,7979,4,0,15500753,15500761
7979,7979,4,0,15500754,15500765
7979,7979,4,0,15500755,15500764
7979,7979,4,0,15500756,15500759
7979,7979,4,0,15500757,15500763
7979,7979,4,0,15500758,15500762
7979,7979,4,0,15500766,15500772
7979,7979,4,0,15500767,15500773
7979,7979,4,0,15500768,15500774
7979,7979,4,0,15500769,15500775
7979,7979,4,0,15500770,15500776
7979,7979,4,0,15500771,15500777
80,81,2,360,,
801,1992,0,240,,
801,2044,0,240,,
8020,11941,2,120,,
8020,11942,2,120,,
8020,11943,0,240,,
8020,12020,2,120,,
8020,12022,2,120,,
8020,12230,0,240,,
8020,12231,0,240,,
8020,12332,2,120,,
8021,11229,2,120,,
8021,12235,0,240,,
8021,12647,2,120,,
8021,3053,2,60,,
8021,3067,2,120,,
8021,3195,2,120,,
8021,3204,0,240,,
8021,3334,2,120,,
8021,3394,2,120,,
8021,3533,0,240,,
8021,3769,2,120,,
8021,3904,2,120,,
8021,3906,2,120,,
8021,3927,2,120,,
8021,7643,2,120,,
8022,3385,2,120,,
8022,3478,2,120,,
8022,3806,2,120,,
8022,3822,2,120,,
8023,11559,2,120,,
8023,7650,0,240,,
8024,12498,2,120,,
8024,7658,2,120,,
8024,7727,2,120,,
8024,7743,2,60,,
8024,7827,0,240,,
8025,12580,2,120,,
8025,7768,2,120,,
8025,7777,2,120,,
8028,12580,2,120,,
8028,7768,2,120,,
8028,7777,2,120,,
8029,12498,2,120,,
8029,7658,2,120,,
8029,7727,2,120,,
8029,7743,2,120,,
8029,7827,0,240,,
8030,11559,2,120,,
8030,7650,0,240,,
8030,7736,2,120,,
8031,3385,2,120,,
8031,3478,2,120,,
8031,3728,2,600,,
8031,3806,2,120,,
8031,3816,2,120,,
8031,3822,2,120,,
8032,11229,2,120,,
8032,12234,0,240,,
8032,12235,0,240,,
8032,12647,2,120,,
8032,3053,2,60,,
8032,3067,2,120,,
8032,3195,2,120,,
8032,3204,2,120,,
8032,3334,2,120,,
8032,3394,2,120,,
8032,3533,0,240,,
8032,3769,2,120,,
8032,3904,2,120,,
8032,3906,2,120,,
8032,3927,2,120,,
8032,7643,2,120,,
8033,11940,2,120,,
8033,11941,2,120,,
8033,11942,2,120,,
8033,11943,2,120,,
8033,12022,2,120,,
8033,12230,0,240,,
8033,12332,2,120,,
8034,11302,2,480,,
8034,11438,2,420,,
8034,189,2,480,,
8034,35,2,480,,
8034,40,2,480,,
8034,645,2,420,,
8034,77,2,480,,
8034,78,2,480,,
8034,8035,2,480,,
8034,8039,2,300,,
8034,859,2,480,,
8034,9069,2,360,,
8034,938,2,420,,
8034,95,2,540,,
8036,10865,0,240,,
8036,10866,2,120,,
8036,10867,0,240,,
8036,12693,0,240,,
8036,4242,2,120,,
8036,4459,0,240,,
8036,4471,0,240,,
8036,4568,2,120,,
8036,989,2,120,,
8038,11302,2,480,,
8038,11438,2,480,,
8038,11526,2,600,,
8038,11535,2,600,,
8038,12138,2,480,,
8038,13126,2,600,,
8038,189,2,540,,
8038,35,2,420,,
8038,40,2,480,,
8038,645,2,540,,
8038,78,2,540,,
8038,8039,2,360,,
8038,859,2,480,,
8038,9069,2,480,,
8038,938,2,480,,
8038,95,2,600,,
8038,96,2,600,,
8040,4496,2,360,,
8040,8535,2,300,,
8040,9128,2,360,,
8041,11525,2,360,,
8041,4494,2,480,,
8042,11495,2,300,,
8043,1286,2,300,,
8043,181,0,240,,
8043,235,0,240,,
8044,11588,0,240,,
8044,11589,2,300,,
8044,11606,2,300,,
8044,1231,2,300,,
8044,8754,2,360,,
8044,8763,2,360,,
8044,972,2,300,,
8045,12556,0,240,,
8045,1572,0,240,,
8045,695,0,240,,
8046,1065,0,240,,
8046,12393,0,240,,
8046,1615,0,240,,
8046,1832,0,240,,
8047,10921,0,240,,
8047,11674,0,240,,
8047,1685,0,240,,
8047,1736,0,240,,
8047,1801,0,240,,
8047,8563,0,240,,
8048,2539,0,240,,
8049,1173,2,300,,
8049,12109,2,300,,
8049,12405,0,240,,
8049,12409,0,240,,
8049,12410,0,240,,
8049,12411,2,300,,
8049,2016,2,300,,
8049,2414,2,300,,
8049,2523,2,300,,
8049,2671,2,300,,
8049,2761,2,300,,
8049,2833,2,300,,
8050,10202,0,240,,
8051,10429,0,240,,
8051,2477,0,240,,
8051,2630,0,240,,
8051,2692,0,240,,
8051,2799,0,240,,
8051,3023,0,240,,
8052,2203,0,240,,
8052,2252,0,240,,
8052,2397,0,240,,
8052,3535,0,240,,
8052,5989,0,240,,
8052,6984,0,240,,
8053,11710,0,240,,
8053,11712,0,240,,
8053,11714,0,240,,
8053,11715,0,240,,
8053,11716,0,240,,
8053,11718,0,240,,
8055,10914,0,240,,
8055,5148,0,240,,
8055,5252,0,240,,
8055,5890,0,240,,
8055,7639,0,240,,
8056,10884,0,240,,
8056,5844,2,300,,
8057,10880,0,240,,
8057,10881,0,240,,
8057,11764,2,360,,
8057,11882,2,300,,
8057,5045,0,240,,
8057,5122,0,240,,
8057,5262,0,240,,
8057,5494,0,240,,
8057,5667,0,240,,
8057,5768,2,300,,
8057,5769,2,300,,
8057,5793,0,240,,
8057,5891,2,300,,
8057,6467,0,240,,
8058,5042,0,240,,
8058,6468,2,360,,
8060,11764,2,360,,
8060,11882,2,300,,
8060,5045,0,240,,
8060,5262,0,240,,
8060,5667,0,240,,
8060,5768,0,240,,
8060,5769,2,300,,
8060,5793,0,240,,
8060,5891,0,240,,
8061,10884,0,240,,
8061,5844,2,300,,
8062,10914,0,240,,
8062,5148,0,240,,
8062,5252,0,240,,
8062,5890,0,240,,
8062,7639,0,240,,
8063,2339,2,300,,
8063,8054,0,240,,
8063,8978,0,240,,
8064,11710,0,240,,
8064,11712,0,240,,
8064,11714,0,240,,
8064,11715,0,240,,
8064,11716,0,240,,
8064,11718,0,240,,
8064,2338,2,360,,
8065,2203,0,240,,
8065,2252,0,240,,
8065,2397,0,240,,
8065,3535,0,240,,
8065,5989,0,240,,
8065,6984,0,240,,
8066,10429,0,240,,
8066,2477,0,240,,
8066,2630,0,240,,
8066,2692,0,240,,
8066,2799,0,240,,
8066,3023,0,240,,
8067,10202,0,240,,
8068,1173,2,300,,
8068,12109,2,300,,
8068,12405,0,240,,
8068,12409,0,240,,
8068,12410,0,240,,
8068,12411,2,300,,
8068,2016,2,300,,
8068,2414,2,300,,
8068,2523,2,300,,
8068,2671,2,300,,
8068,2761,2,300,,
8068,2833,2,300,,
8069,2539,0,240,,
8070,10921,0,240,,
8070,11674,0,240,,
8070,1685,0,240,,
8070,1736,0,240,,
8070,1801,0,240,,
8070,8563,0,240,,
8071,1065,0,240,,
8071,12393,0,240,,
8071,1615,0,240,,
8071,1832,0,240,,
8072,12556,2,300,,
8072,1572,0,240,,
8072,695,0,240,,
8073,11588,0,240,,
8073,11589,0,240,,
8073,11606,2,300,,
8073,1231,2,300,,
8073,8754,2,360,,
8073,8763,2,360,,
8073,972,2,300,,
8074,10480,2,300,,
8074,1286,2,360,,
8074,181,0,240,,
8074,235,0,240,,
8075,11495,2,300,,
8075,81,2,420,,
8076,11524,2,360,,
8076,11525,2,360,,
8076,11526,2,360,,
8076,11535,2,360,,
8076,11706,2,420,,
8076,13126,2,420,,
8076,4494,2,480,,
8076,4495,2,360,,
8076,4881,2,420,,
8076,77,2,420,,
8076,9129,2,360,,
8077,12375,2,300,,
8077,12681,2,480,,
8077,409,2,300,,
8077,8535,2,300,,
8078,11302,2,360,,
8078,12138,2,360,,
8078,35,2,300,,
8078,8035,2,360,,
809,2156,2,300,,
809,2231,2,360,,
81,81,2,180,,
811,13043,2,300,,
811,761,0,240,,
8139,1482,0,240,,
8139,1709,0,240,,
8139,963,0,240,,
8140,12318,0,240,,
8140,12857,0,240,,
8140,1387,0,240,,
8140,1482,2,120,,
8140,1709,2,120,,
8140,963,0,240,,
815,1980,0,240,,
815,2054,0,240,,
8282,6706,0,240,,
8282,8283,2,480,,
8282,8485,0,240,,
8283,8483,2,300,,
8283,8484,2,360,,
8295,6631,2,300,,
8324,6631,2,360,,
834,1992,0,240,,
834,2044,0,240,,
8350,3386,2,480,,
8366,12946,0,240,,
8366,12947,0,240,,
8367,12946,0,240,,
8367,12947,0,240,,
8368,12946,2,360,,
8368,12947,2,360,,
8381,6683,2,360,,
8381,8381,0,240,,
8394,766,0,240,,
8396,8396,4,0,15467521,15467647
8396,8396,4,0,15467522,15467627
8396,8396,4,0,15467523,15467643
8396,8396,4,0,15467524,15467625
8396,8396,4,0,15467525,15467634
8396,8396,4,0,15467526,15467628
8396,8396,4,0,15467527,15467641
8396,8396,4,0,15467528,15467630
8396,8396,4,0,15467529,15467629
8396,8396,4,0,15467530,15467637
8396,8396,4,0,15467531,15467636
8396,8396,4,0,15467532,15467626
8396,8396,4,0,15467533,15467635
8396,8396,4,0,15467534,15467631
8396,8396,4,0,15467535,15467632
8396,8396,4,0,15467536,15467645
8396,8396,4,0,15467537,15467644
8396,8396,4,0,15467538,15467638
8396,8396,4,0,15467539,15467639
8396,8396,4,0,15467540,15467640
8396,8396,4,0,15467541,15467633
8396,8396,4,0,15467542,15467646
8396,8396,4,0,15467543,15467642
8396,8396,4,0,15467567,15467684
8396,8396,4,0,15467568,15467672
8396,8396,4,0,15467569,15467673
8396,8396,4,0,15467570,15467674
8396,8396,4,0,15467571,15467676
8396,8396,4,0,15467572,15467678
8396,8396,4,0,15467573,15467679
8396,8396,4,0,15467574,15467671
8396,8396,4,0,15467575,15467685
8396,8396,4,0,15467576,15467677
8396,8396,4,0,15467577,15467680
8396,8396,4,0,15467578,15467683
8396,8396,4,0,15467579,15467681
8396,8396,4,0,15467580,15467675
8396,8396,4,0,15467581,15467682
8396,8396,4,0,15467597,15467707
8396,8396,4,0,15467598,15467709
8396,8396,4,0,15467599,15467711
8396,8396,4,0,15467600,15467710
8396,8396,4,0,15467601,15467713
8396,8396,4,0,15467602,15467714
8396,8396,4,0,15467603,15467712
8396,8396,4,0,15467604,15467702
8396,8396,4,0,15467605,15467704
8396,8396,4,0,15467606,15467703
8396,8396,4,0,15467607,15467705
8396,8396,4,0,15467608,15467708
8396,8396,4,0,15467609,15467701
8396,8396,4,0,15467610,15467706
8396,8396,4,0,15467648,15467559
8396,8396,4,0,15467649,15467545
8396,8396,4,0,15467650,15467552
8396,8396,4,0,15467651,15467547
8396,8396,4,0,15467652,15467566
8396,8396,4,0,15467653,15467550
8396,8396,4,0,15467654,15467560
8396,8396,4,0,15467655,15467546
8396,8396,4,0,15467656,15467553
8396,8396,4,0,15467657,15467563
8396,8396,4,0,15467658,15467548
8396,8396,4,0,15467659,15467551
8396,8396,4,0,15467660,15467565
8396,8396,4,0,15467661,15467561
8396,8396,4,0,15467662,15467562
8396,8396,4,0,15467663,15467564
8396,8396,4,0,15467664,15467549
8396,8396,4,0,15467665,15467554
8396,8396,4,0,15467666,15467555
8396,8396,4,0,15467667,15467556
8396,8396,4,0,15467668,15467557
8396,8396,4,0,15467669,15467558
8396,8396,4,0,15467670,15467544
8396,8396,4,0,15467686,15467588
8396,8396,4,0,15467687,15467595
8396,8396,4,0,15467688,15467584
8396,8396,4,0,15467689,15467596
8396,8396,4,0,15467690,15467582
8396,8396,4,0,15467691,15467587
8396,8396,4,0,15467692,15467586
8396,8396,4,0,15467693,15467589
8396,8396,4,0,15467694,15467583
8396,8396,4,0,15467695,15467591
8396,8396,4,0,15467696,15467590
8396,8396,4,0,15467697,15467585
8396,8396,4,0,15467698,15467593
8396,8396,4,0,15467699,15467594
8396,8396,4,0,15467700,15467592
8396,8396,4,0,15467715,15467624
8396,8396,4,0,15467716,15467618
8396,8396,4,0,15467717,15467615
8396,8396,4,0,15467718,15467620
8396,8396,4,0,15467719,15467621
8396,8396,4,0,15467720,15467623
8396,8396,4,0,15467721,15467622
8396,8396,4,0,15467722,15467619
8396,8396,4,0,15467723,15467613
8396,8396,4,0,15467724,15467612
8396,8396,4,0,15467725,15467611
8396,8396,4,0,15467726,15467614
8396,8396,4,0,15467727,15467616
8396,8396,4,0,15467728,15467617
8408,7646,2,300,,
8412,12946,0,240,,
8412,12947,0,240,,
8412,8367,2,300,,
8412,8412,0,240,,
8417,12947,2,360,,
842,11010,0,240,,
842,11022,0,240,,
8443,8048,0,240,,
8443,8069,0,240,,
8467,4711,0,240,,
847,1533,0,240,,
847,1580,0,240,,
8483,6768,2,480,,
8483,6781,2,600,,
8483,8283,2,300,,
8483,8484,2,360,,
8484,8283,2,300,,
8485,8282,2,300,,
8485,8283,2,480,,
8490,6482,2,360,,
8490,6578,0,240,,
8497,8497,4,0,15725415,15725438
8497,8497,4,0,15725416,15725439
8497,8497,4,0,15725417,15725440
8497,8497,4,0,15725418,15725441
850,1147,2,360,,
850,1206,2,360,,
853,10620,2,300,,
8535,12375,2,300,,
8535,8535,0,240,,
8542,11128,0,240,,
8542,11129,0,240,,
856,1143,2,300,,
856,176,2,360,,
856,240,2,420,,
856,8622,2,240,,
8563,11674,0,240,,
8563,1685,0,240,,
8563,1801,0,240,,
8563,8047,0,240,,
8563,8070,0,240,,
8563,8563,0,240,,
8573,10564,0,240,,
8573,8552,0,240,,
8573,8561,0,240,,
8573,8573,0,240,,
8573,8574,0,240,,
8573,8575,0,240,,
8573,8577,0,240,,
8573,8578,0,240,,
8575,10564,0,240,,
8575,8552,0,240,,
8575,8561,0,240,,
8575,8573,0,240,,
8575,8574,0,240,,
8575,8575,0,240,,
8575,8577,0,240,,
8575,8578,0,240,,
8577,10564,0,240,,
8577,8552,0,240,,
8577,8561,0,240,,
8577,8573,0,240,,
8577,8574,0,240,,
8577,8575,0,240,,
8578,10564,0,240,,
8578,8552,0,240,,
8578,8561,0,240,,
8578,8573,0,240,,
8578,8574,0,240,,
8578,8575,0,240,,
859,11302,2,420,,
859,11438,2,360,,
859,11535,2,420,,
859,189,2,300,,
859,35,2,300,,
859,4881,2,420,,
859,645,2,300,,
859,78,2,360,,
859,8019,2,480,,
859,8035,2,480,,
859,859,0,240,,
859,9069,2,420,,
859,938,0,240,,
859,95,2,240,,
860,199,2,300,,
860,287,0,240,,
860,392,0,240,,
860,860,0,240,,
8605,4355,0,240,,
8605,8605,0,240,,
8617,9562,2,300,,
8617,9582,2,300,,
8622,13121,2,360,,
8622,2120,2,360,,
8622,779,2,300,,
8622,856,2,240,,
8622,887,2,300,,
863,1977,0,240,,
863,2057,0,240,,
863,774,0,240,,
863,863,0,240,,
8638,4611,0,240,,
8642,8642,0,240,,
8643,8643,0,240,,
8644,1423,0,240,,
8644,1451,2,300,,
8654,11592,0,240,,
8654,5805,0,240,,
8654,5826,0,240,,
8659,10021,2,480,,
8659,8679,2,120,,
8659,8680,2,120,,
8659,8748,0,240,,
8659,8757,0,240,,
8672,12227,0,240,,
8672,8676,0,240,,
8672,8685,0,240,,
8672,8687,0,240,,
8672,8688,0,240,,
8672,8689,0,240,,
8672,8690,0,240,,
8672,8746,0,240,,
8672,8755,0,240,,
8673,8673,0,240,,
8673,8674,0,240,,
8673,8743,2,420,,
8673,8751,0,240,,
8673,8760,0,240,,
8673,9505,0,240,,
8674,8673,0,240,,
8674,8751,2,300,,
8674,8760,2,300,,
8674,9505,0,240,,
8679,10021,2,480,,
8679,8659,0,240,,
8679,8680,0,240,,
8679,8748,0,240,,
8679,8757,0,240,,
8680,10021,2,480,,
8680,8659,0,240,,
8680,8679,2,120,,
8680,8748,0,240,,
8680,8757,0,240,,
8683,10017,2,300,,
8683,10018,0,240,,
8683,8683,0,240,,
8683,8683,4,0,15467779,15466787
8683,8683,4,0,15467780,15466776
8683,8683,4,0,15467781,15466813
8683,8683,4,0,15467782,15466778
8683,8683,4,0,15467783,15466779
8683,8683,4,0,15467784,15466781
8683,8683,4,0,15467785,15466774
8683,8683,4,0,15467786,15466811
8683,8683,4,0,15467787,15466812
8683,8683,4,0,15467788,15466816
8683,8683,4,0,15467789,15466788
8683,8683,4,0,15467790,15466789
8683,8683,4,0,15467791,15466790
8683,8683,4,0,15467792,15466775
8683,8683,4,0,15467793,15466817
8683,8683,4,0,15467794,15466818
8683,8683,4,0,15467795,15466819
8683,8683,4,0,15467796,15466782
8683,8683,4,0,15467797,15466772
8683,8683,4,0,15467798,15466823
8683,8683,4,0,15467799,15466820
8683,8683,4,0,15467800,15466821
8683,8683,4,0,15467801,15466822
8683,8683,4,0,15467802,15466780
8683,8683,4,0,15467803,15466777
8683,8683,4,0,15467804,15466799
8683,8683,4,0,15467805,15466791
8683,8683,4,0,15467806,15466792
8683,8683,4,0,15467807,15466793
8683,8683,4,0,15467808,15466794
8683,8683,4,0,15467809,15466795
8683,8683,4,0,15467810,15466796
8683,8683,4,0,15467811,15466797
8683,8683,4,0,15467812,15466773
8683,8683,4,0,15467813,15466798
8683,8683,4,0,15467814,15466800
8683,8683,4,0,15467815,15466814
8683,8683,4,0,15467816,15466802
8683,8683,4,0,15467817,15466803
8683,8683,4,0,15467818,15466804
8683,8683,4,0,15467819,15466805
8683,8683,4,0,15467820,15466806
8683,8683,4,0,15467821,15466807
8683,8683,4,0,15467822,15466808
8683,8683,4,0,15467823,15466809
8683,8683,4,0,15467824,15466801
8683,8683,4,0,15467825,15466815
8683,8683,4,0,15467826,15466785
8683,8683,4,0,15467827,15466786
8683,8683,4,0,15467828,15466810
8683,8683,4,0,15467829,15466784
8683,8683,4,0,15467830,15466783
8683,8683,4,0,15467831,15466810
8683,8683,4,0,15467832,15466784
8683,8683,4,0,15467869,15466891
8683,8683,4,0,15467870,15466888
8683,8683,4,0,15467871,15466890
8683,8683,4,0,15467872,15466887
8683,8683,4,0,15467873,15466863
8683,8683,4,0,15467874,15466895
8683,8683,4,0,15467875,15466860
8683,8683,4,0,15467876,15466893
8683,8683,4,0,15467877,15466892
8683,8683,4,0,15467878,15466894
8683,8683,4,0,15467879,15466883
8683,8683,4,0,15467880,15466872
8683,8683,4,0,15467881,15466870
8683,8683,4,0,15467882,15466869
8683,8683,4,0,15467883,15466868
8683,8683,4,0,15467884,15466867
8683,8683,4,0,15467885,15466866
8683,8683,4,0,15467886,15466865
8683,8683,4,0,15467887,15466862
8683,8683,4,0,15467888,15466864
8683,8683,4,0,15467889,15466874
8683,8683,4,0,15467890,15466889
8683,8683,4,0,15467891,15466871
8683,8683,4,0,15467892,15466884
8683,8683,4,0,15467893,15466877
8683,8683,4,0,15467894,15466881
8683,8683,4,0,15467895,15466880
8683,8683,4,0,15467896,15466879
8683,8683,4,0,15467897,15466878
8683,8683,4,0,15467898,15466885
8683,8683,4,0,15467899,15466886
8683,8683,4,0,15467900,15466875
8683,8683,4,0,15467901,15466861
8683,8683,4,0,15467902,15466876
8683,8683,4,0,15467903,15466882
8683,8683,4,0,15467904,15466873
8683,8683,4,0,15467939,15466931
8683,8683,4,0,15467940,15466947
8683,8683,4,0,15467941,15466944
8683,8683,4,0,15467942,15466936
8683,8683,4,0,15467943,15466962
8683,8683,4,0,15467944,15466942
8683,8683,4,0,15467945,15466934
8683,8683,4,0,15467946,15466935
8683,8683,4,0,15467947,15466937
8683,8683,4,0,15467948,15466961
8683,8683,4,0,15467949,15466960
8683,8683,4,0,15467950,15466945
8683,8683,4,0,15467951,15466959
8683,8683,4,0,15467952,15466958
8683,8683,4,0,15467953,15466957
8683,8683,4,0,15467954,15466956
8683,8683,4,0,15467955,15466955
8683,8683,4,0,15467956,15466933
8683,8683,4,0,15467957,15466943
8683,8683,4,0,15467958,15466953
8683,8683,4,0,15467959,15466952
8683,8683,4,0,15467960,15466950
8683,8683,4,0,15467961,15466949
8683,8683,4,0,15467962,15466951
8683,8683,4,0,15467963,15466941
8683,8683,4,0,15467964,15466940
8683,8683,4,0,15467965,15466946
8683,8683,4,0,15467966,15466938
8683,8683,4,0,15467967,15466939
8683,8683,4,0,15467968,15466932
8683,8683,4,0,15467969,15466930
8683,8683,4,0,15467970,15466954
8683,8683,4,0,15467971,15466948
8683,8697,0,240,,
8683,8749,0,240,,
8683,8758,0,240,,
8687,12227,0,240,,
8687,8656,0,240,,
8687,8672,0,240,,
8687,8676,0,240,,
8687,8685,0,240,,
8687,8687,0,240,,
8687,8688,0,240,,
8687,8689,0,240,,
8687,8690,0,240,,
8687,8691,0,240,,
8687,8746,0,240,,
8687,8755,0,240,,
8688,8689,0,240,,
8689,8688,0,240,,
869,1018,0,240,,
8691,12227,0,240,,
8691,8656,0,240,,
8691,8672,0,240,,
8691,8676,0,240,,
8691,8685,0,240,,
8691,8687,0,240,,
8691,8688,0,240,,
8691,8689,0,240,,
8691,8690,0,240,,
8691,8691,0,240,,
8691,8746,0,240,,
8691,8755,0,240,,
8697,10017,2,360,,
8697,10018,0,240,,
8697,8683,0,240,,
8697,8697,0,240,,
8697,8697,4,0,15466723,15467747
8697,8697,4,0,15466724,15467763
8697,8697,4,0,15466725,15467748
8697,8697,4,0,15466726,15467730
8697,8697,4,0,15466727,15467764
8697,8697,4,0,15466728,15467765
8697,8697,4,0,15466729,15467766
8697,8697,4,0,15466730,15467767
8697,8697,4,0,15466731,15467768
8697,8697,4,0,15466732,15467769
8697,8697,4,0,15466733,15467771
8697,8697,4,0,15466734,15467772
8697,8697,4,0,15466735,15467773
8697,8697,4,0,15466736,15467774
8697,8697,4,0,15466737,15467775
8697,8697,4,0,15466738,15467733
8697,8697,4,0,15466739,15467753
8697,8697,4,0,15466740,15467754
8697,8697,4,0,15466741,15467755
8697,8697,4,0,15466742,15467756
8697,8697,4,0,15466743,15467757
8697,8697,4,0,15466744,15467758
8697,8697,4,0,15466745,15467735
8697,8697,4,0,15466746,15467736
8697,8697,4,0,15466747,15467737
8697,8697,4,0,15466748,15467770
8697,8697,4,0,15466749,15467761
8697,8697,4,0,15466750,15467762
8697,8697,4,0,15466751,15467777
8697,8697,4,0,15466752,15467751
8697,8697,4,0,15466753,15467734
8697,8697,4,0,15466754,15467738
8697,8697,4,0,15466755,15467740
8697,8697,4,0,15466756,15467741
8697,8697,4,0,15466757,15467731
8697,8697,4,0,15466758,15467732
8697,8697,4,0,15466759,15467729
8697,8697,4,0,15466760,15467739
8697,8697,4,0,15466761,15467759
8697,8697,4,0,15466762,15467776
8697,8697,4,0,15466763,15467760
8697,8697,4,0,15466764,15467750
8697,8697,4,0,15466765,15467752
8697,8697,4,0,15466766,15467749
8697,8697,4,0,15466767,15467742
8697,8697,4,0,15466768,15467743
8697,8697,4,0,15466769,15467744
8697,8697,4,0,15466770,15467745
8697,8697,4,0,15466771,15467746
8697,8697,4,0,15466824,15467868
8697,8697,4,0,15466825,15467867
8697,8697,4,0,15466826,15467844
8697,8697,4,0,15466827,15467847
8697,8697,4,0,15466828,15467858
8697,8697,4,0,15466829,15467843
8697,8697,4,0,15466830,15467846
8697,8697,4,0,15466831,15467866
8697,8697,4,0,15466832,15467865
8697,8697,4,0,15466833,15467864
8697,8697,4,0,15466834,15467845
8697,8697,4,0,15466835,15467834
8697,8697,4,0,15466836,15467861
8697,8697,4,0,15466837,15467839
8697,8697,4,0,15466838,15467838
8697,8697,4,0,15466839,15467837
8697,8697,4,0,15466840,15467836
8697,8697,4,0,15466841,15467856
8697,8697,4,0,15466842,15467860
8697,8697,4,0,15466843,15467859
8697,8697,4,0,15466844,15467840
8697,8697,4,0,15466845,15467863
8697,8697,4,0,15466846,15467862
8697,8697,4,0,15466847,15467841
8697,8697,4,0,15466848,15467857
8697,8697,4,0,15466849,15467842
8697,8697,4,0,15466850,15467835
8697,8697,4,0,15466851,15467855
8697,8697,4,0,15466852,15467854
8697,8697,4,0,15466853,15467853
8697,8697,4,0,15466854,15467852
8697,8697,4,0,15466855,15467850
8697,8697,4,0,15466856,15467851
8697,8697,4,0,15466857,15467849
8697,8697,4,0,15466858,15467848
8697,8697,4,0,15466859,15467833
8697,8697,4,0,15466896,15467928
8697,8697,4,0,15466897,15467938
8697,8697,4,0,15466898,15467908
8697,8697,4,0,15466899,15467918
8697,8697,4,0,15466900,15467920
8697,8697,4,0,15466901,15467913
8697,8697,4,0,15466902,15467907
8697,8697,4,0,15466903,15467906
8697,8697,4,0,15466904,15467905
8697,8697,4,0,15466905,15467917
8697,8697,4,0,15466906,15467916
8697,8697,4,0,15466907,15467924
8697,8697,4,0,15466908,15467914
8697,8697,4,0,15466909,15467909
8697,8697,4,0,15466910,15467912
8697,8697,4,0,15466911,15467922
8697,8697,4,0,15466912,15467921
8697,8697,4,0,15466913,15467919
8697,8697,4,0,15466914,15467937
8697,8697,4,0,15466915,15467936
8697,8697,4,0,15466916,15467935
8697,8697,4,0,15466917,15467934
8697,8697,4,0,15466918,15467932
8697,8697,4,0,15466919,15467931
8697,8697,4,0,15466920,15467930
8697,8697,4,0,15466921,15467929
8697,8697,4,0,15466922,15467923
8697,8697,4,0,15466923,15467915
8697,8697,4,0,15466924,15467927
8697,8697,4,0,15466925,15467926
8697,8697,4,0,15466926,15467925
8697,8697,4,0,15466927,15467910
8697,8697,4,0,15466928,15467911
8697,8697,4,0,15466929,15467933
8697,8749,0,240,,
8697,8758,0,240,,
8699,2943,2,300,,
8703,10028,2,480,,
8703,10029,2,420,,
8703,9510,2,360,,
8703,9511,2,360,,
8710,2881,2,120,,
8710,2899,2,120,,
8710,8710,2,120,,
8737,8701,2,300,,
8738,8743,2,420,,
8742,1782,0,240,,
8742,8742,0,240,,
8743,8673,2,360,,
8743,8674,2,360,,
8743,8743,0,240,,
8743,9505,2,360,,
8746,12227,0,240,,
8746,8656,0,240,,
8746,8672,0,240,,
8746,8676,0,240,,
8746,8685,0,240,,
8746,8687,0,240,,
8746,8688,0,240,,
8746,8689,0,240,,
8746,8690,0,240,,
8746,8691,0,240,,
8746,8746,2,60,,
8746,8755,2,120,,
8747,10971,0,240,,
8747,10972,0,240,,
8747,8747,2,60,,
8747,8756,0,240,,
8747,9952,0,240,,
8748,8659,0,240,,
8748,8679,0,240,,
8748,8680,0,240,,
8749,10017,0,240,,
8749,8683,2,300,,
8749,8697,0,240,,
8750,11874,0,240,,
8750,11876,0,240,,
8750,12567,2,300,,
8750,1401,2,300,,
8751,8673,0,240,,
8751,8674,2,300,,
8751,9505,2,300,,
8752,11095,2,300,,
8752,8860,0,240,,
8752,906,2,360,,
8752,911,2,360,,
8753,1091,2,300,,
8753,8907,0,240,,
8754,11588,2,360,,
8754,11589,2,300,,
8754,11606,2,300,,
8754,1231,2,300,,
8754,8044,2,360,,
8754,8073,2,360,,
8754,8913,2,360,,
8755,8656,0,240,,
8755,8672,0,240,,
8755,8676,0,240,,
8755,8685,0,240,,
8755,8687,0,240,,
8755,8688,0,240,,
8755,8689,0,240,,
8755,8690,0,240,,
8755,8691,0,240,,
8756,10971,0,240,,
8756,10972,0,240,,
8756,8756,2,60,,
8756,9952,0,240,,
8757,8659,0,240,,
8757,8679,0,240,,
8757,8680,0,240,,
8758,10017,0,240,,
8758,8683,2,300,,
8758,8697,0,240,,
8759,11697,2,540,,
8759,11874,0,240,,
8759,11876,0,240,,
8759,12567,2,300,,
8759,1401,2,300,,
8760,8673,0,240,,
8760,8674,2,300,,
8760,9505,2,300,,
8761,11095,2,300,,
8761,8860,0,240,,
8762,1091,2,300,,
8762,8907,0,240,,
8763,11588,2,360,,
8763,1231,2,300,,
8763,8044,2,360,,
8763,8073,2,360,,
8763,8913,2,360,,
8797,3407,0,240,,
8797,8797,0,240,,
8800,11291,2,420,,
8800,8604,2,360,,
8818,3443,2,300,,
8820,3518,0,240,,
8820,8847,0,240,,
8828,3444,2,300,,
8841,8841,0,240,,
8847,3410,0,240,,
8847,3518,0,240,,
8847,8820,0,240,,
8847,8847,0,240,,
8849,3375,0,240,,
8850,3572,0,240,,
8852,6923,0,240,,
8852,8852,0,240,,
8852,9572,0,240,,
8853,8735,0,240,,
8854,11704,0,240,,
8854,13013,0,240,,
8854,5436,0,240,,
8854,5542,0,240,,
8854,6139,0,240,,
8854,6174,0,240,,
8854,6195,2,300,,
8854,6340,2,300,,
8854,8854,0,240,,
8860,8752,0,240,,
8860,8761,0,240,,
887,1143,0,240,,
887,176,2,300,,
887,240,2,300,,
887,8622,2,300,,
8886,3373,0,240,,
8886,8886,0,240,,
8907,8753,0,240,,
8907,8762,0,240,,
8913,8754,2,360,,
8913,8763,2,360,,
8916,11588,0,240,,
8916,1231,0,240,,
8916,8044,2,360,,
8916,8073,2,360,,
8916,8754,2,300,,
8916,8763,2,300,,
8916,8913,0,240,,
892,1301,0,240,,
892,1361,0,240,,
8922,10412,2,300,,
8922,10413,2,300,,
8922,8922,0,240,,
8928,7073,2,300,,
8928,8928,4,0,15496824,15496945
8928,8928,4,0,15496825,15496946
8928,8928,4,0,15496826,15496947
8928,8928,4,0,15496827,15496948
8928,8928,4,0,15496828,15496949
8928,8928,4,0,15496829,15496950
8928,8928,4,0,15496830,15496951
8928,8928,4,0,15496831,15496952
8928,8928,4,0,15496832,15496953
8928,8928,4,0,15496833,15496954
8928,8928,4,0,15496834,15496955
8928,8928,4,0,15496835,15496956
8928,8928,4,0,15496836,15496957
8928,8928,4,0,15496837,15496958
8928,8928,4,0,15496838,15496959
8928,8928,4,0,15496839,15496960
8928,8928,4,0,15496840,15496961
8928,8928,4,0,15496841,15496962
8928,8928,4,0,15496860,15496980
8928,8928,4,0,15496861,15496981
8928,8928,4,0,15496862,15496982
8928,8928,4,0,15496863,15496983
8928,8928,4,0,15496864,15496984
8928,8928,4,0,15496865,15496985
8928,8928,4,0,15496866,15496986
8928,8928,4,0,15496867,15496987
8928,8928,4,0,15496868,15496988
8928,8928,4,0,15496869,15496989
8928,8928,4,0,15496870,15496990
8928,8928,4,0,15496871,15496991
8928,8928,4,0,15496872,15496992
8928,8928,4,0,15496873,15496993
8928,8928,4,0,15496874,15496994
8928,8928,4,0,15496875,15496995
8928,8928,4,0,15496876,15496996
8928,8928,4,0,15496894,15497018
8928,8928,4,0,15496895,15497017
8928,8928,4,0,15496896,15497016
8928,8928,4,0,15496897,15497015
8928,8928,4,0,15496898,15497014
8928,8928,4,0,15496899,15497013
8928,8928,4,0,15496900,15497026
8928,8928,4,0,15496901,15497025
8928,8928,4,0,15496902,15497019
8928,8928,4,0,15496903,15497023
8928,8928,4,0,15496904,15497022
8928,8928,4,0,15496905,15497024
8928,8928,4,0,15496906,15497021
8928,8928,4,0,15496907,15497020
8928,8928,4,0,15496908,15497027
8928,8928,4,0,15496909,15497028
8936,12931,2,300,,
8936,7186,0,240,,
8936,7200,0,240,,
8936,8936,0,240,,
8940,7087,0,240,,
8945,7076,0,240,,
8945,7152,2,300,,
8945,8945,0,240,,
8948,8948,0,240,,
8960,7357,2,300,,
8970,8970,4,0,15489321,15489209
8970,8970,4,0,15489322,15489210
8970,8970,4,0,15489323,15489186
8970,8970,4,0,15489324,15489188
8970,8970,4,0,15489325,15489211
8970,8970,4,0,15489326,15489196
8970,8970,4,0,15489327,15489195
8970,8970,4,0,15489328,15489197
8970,8970,4,0,15489329,15489198
8970,8970,4,0,15489330,15489199
8970,8970,4,0,15489331,15489200
8970,8970,4,0,15489332,15489201
8970,8970,4,0,15489333,15489202
8970,8970,4,0,15489334,15489203
8970,8970,4,0,15489335,15489204
8970,8970,4,0,15489336,15489212
8970,8970,4,0,15489337,15489189
8970,8970,4,0,15489338,15489190
8970,8970,4,0,15489339,15489191
8970,8970,4,0,15489340,15489192
8970,8970,4,0,15489341,15489193
8970,8970,4,0,15489342,15489194
8970,8970,4,0,15489343,15489205
8970,8970,4,0,15489346,15489187
8970,8970,4,0,15489347,15489206
8970,8970,4,0,15489348,15489207
8970,8970,4,0,15489349,15489208
8970,8970,4,0,15489364,15489242
8970,8970,4,0,15489365,15489243
8970,8970,4,0,15489366,15489244
8970,8970,4,0,15489367,15489245
8970,8970,4,0,15489368,15489246
8970,8970,4,0,15489369,15489248
8970,8970,4,0,15489370,15489249
8970,8970,4,0,15489371,15489250
8970,8970,4,0,15489372,15489251
8970,8970,4,0,15489373,15489252
8970,8970,4,0,15489374,15489253
8970,8970,4,0,15489375,15489254
8970,8970,4,0,15489376,15489255
8970,8970,4,0,15489377,15489247
8970,8970,4,0,15489389,15489272
8970,8970,4,0,15489390,15489273
8970,8970,4,0,15489391,15489274
8970,8970,4,0,15489392,15489276
8970,8970,4,0,15489393,15489277
8970,8970,4,0,15489394,15489278
8970,8970,4,0,15489395,15489279
8970,8970,4,0,15489396,15489269
8970,8970,4,0,15489397,15489270
8970,8970,4,0,15489398,15489271
8975,10554,2,300,,
898,690,0,240,,
898,728,0,240,,
8989,11232,2,300,,
8989,7209,2,300,,
8989,8989,0,240,,
8989,9492,2,480,,
902,1054,2,300,,
902,1055,0,240,,
902,1092,0,240,,
9022,11075,0,240,,
9022,11076,0,240,,
9023,11075,0,240,,
9043,1863,0,240,,
9043,1888,0,240,,
9051,1301,0,240,,
9051,1361,0,240,,
9054,934,0,240,,
906,11095,0,240,,
906,1697,0,240,,
906,1721,0,240,,
906,8761,2,420,,
9062,12395,2,300,,
9062,6095,2,300,,
9062,6133,2,300,,
908,1754,0,240,,
908,2123,0,240,,
91,21,0,240,,
9103,2156,2,300,,
911,11095,0,240,,
911,1697,0,240,,
911,1721,0,240,,
9112,12681,2,420,,
9112,409,2,360,,
9112,44,2,300,,
9112,4882,2,300,,
9112,76,2,480,,
9112,8040,2,420,,
9112,8077,2,420,,
9112,8535,2,300,,
9112,9128,2,300,,
9124,1519,0,240,,
9124,1592,0,240,,
9124,210,2,300,,
9124,9124,0,240,,
9125,1410,0,240,,
9125,1461,0,240,,
9136,11403,2,300,,
9136,12721,0,240,,
9136,218,2,360,,
9136,329,2,360,,
9136,545,0,240,,
9136,9136,0,240,,
915,1054,2,300,,
915,1055,0,240,,
915,1092,0,240,,
9174,3900,2,300,,
9178,10138,2,300,,
9179,3943,0,240,,
9179,3944,2,300,,
9179,9179,0,240,,
9179,9179,4,0,15474615,15474441
9179,9179,4,0,15474616,15474445
9179,9179,4,0,15474617,15474446
9179,9179,4,0,15474618,15474447
9179,9179,4,0,15474619,15474448
9179,9179,4,0,15474620,15474449
9179,9179,4,0,15474621,15474450
9179,9179,4,0,15474622,15474451
9179,9179,4,0,15474623,15474452
9179,9179,4,0,15474624,15474478
9179,9179,4,0,15474625,15474454
9179,9179,4,0,15474626,15474455
9179,9179,4,0,15474627,15474456
9179,9179,4,0,15474628,15474457
9179,9179,4,0,15474629,15474442
9179,9179,4,0,15474630,15474443
9179,9179,4,0,15474631,15474485
9179,9179,4,0,15474632,15474477
9179,9179,4,0,15474633,15474459
9179,9179,4,0,15474634,15474460
9179,9179,4,0,15474635,15474462
9179,9179,4,0,15474636,15474463
9179,9179,4,0,15474637,15474464
9179,9179,4,0,15474638,15474465
9179,9179,4,0,15474639,15474466
9179,9179,4,0,15474640,15474467
9179,9179,4,0,15474641,15474468
9179,9179,4,0,15474642,15474469
9179,9179,4,0,15474643,15474470
9179,9179,4,0,15474644,15474471
9179,9179,4,0,15474645,15474472
9179,9179,4,0,15474646,15474473
9179,9179,4,0,15474647,15474474
9179,9179,4,0,15474648,15474475
9179,9179,4,0,15474649,15474476
9179,9179,4,0,15474650,15474458
9179,9179,4,0,15474651,15474453
9179,9179,4,0,15474652,15474479
9179,9179,4,0,15474653,15474461
9179,9179,4,0,15474654,15474489
9179,9179,4,0,15474655,15474487
9179,9179,4,0,15474656,15474488
9179,9179,4,0,15474657,15474490
9179,9179,4,0,15474658,15474491
9179,9179,4,0,15474659,15474440
9179,9179,4,0,15474660,15474480
9179,9179,4,0,15474661,15474481
9179,9179,4,0,15474662,15474482
9179,9179,4,0,15474663,15474483
9179,9179,4,0,15474664,15474484
9179,9179,4,0,15474665,15474444
9179,9179,4,0,15474666,15474486
9179,9179,4,0,15474717,15474544
9179,9179,4,0,15474718,15474528
9179,9179,4,0,15474719,15474547
9179,9179,4,0,15474720,15474548
9179,9179,4,0,15474721,15474549
9179,9179,4,0,15474722,15474550
9179,9179,4,0,15474723,15474551
9179,9179,4,0,15474724,15474552
9179,9179,4,0,15474725,15474553
9179,9179,4,0,15474726,15474554
9179,9179,4,0,15474727,15474555
9179,9179,4,0,15474728,15474557
9179,9179,4,0,15474729,15474558
9179,9179,4,0,15474730,15474556
9179,9179,4,0,15474731,15474525
9179,9179,4,0,15474732,15474526
9179,9179,4,0,15474733,15474527
9179,9179,4,0,15474734,15474543
9179,9179,4,0,15474735,15474529
9179,9179,4,0,15474736,15474545
9179,9179,4,0,15474737,15474546
9179,9179,4,0,15474738,15474530
9179,9179,4,0,15474739,15474531
9179,9179,4,0,15474740,15474532
9179,9179,4,0,15474741,15474533
9179,9179,4,0,15474742,15474534
9179,9179,4,0,15474743,15474535
9179,9179,4,0,15474744,15474536
9179,9179,4,0,15474745,15474537
9179,9179,4,0,15474746,15474538
9179,9179,4,0,15474747,15474539
9179,9179,4,0,15474748,15474540
9179,9179,4,0,15474749,15474541
9179,9179,4,0,15474750,15474542
9179,9179,4,0,15474784,15474590
9179,9179,4,0,15474785,15474591
9179,9179,4,0,15474786,15474587
9179,9179,4,0,15474787,15474588
9179,9179,4,0,15474788,15474589
9179,9179,4,0,15474789,15474592
9179,9179,4,0,15474790,15474593
9179,9179,4,0,15474791,15474594
9179,9179,4,0,15474792,15474595
9179,9179,4,0,15474793,15474596
9179,9179,4,0,15474794,15474597
9179,9179,4,0,15474795,15474599
9179,9179,4,0,15474796,15474598
9179,9179,4,0,15474797,15474600
9179,9179,4,0,15474798,15474611
9179,9179,4,0,15474799,15474612
9179,9179,4,0,15474800,15474606
9179,9179,4,0,15474801,15474607
9179,9179,4,0,15474802,15474608
9179,9179,4,0,15474803,15474601
9179,9179,4,0,15474804,15474602
9179,9179,4,0,15474805,15474613
9179,9179,4,0,15474806,15474614
9179,9179,4,0,15474807,15474603
9179,9179,4,0,15474808,15474604
9179,9179,4,0,15474809,15474605
9179,9179,4,0,15474810,15474609
9179,9179,4,0,15474811,15474586
9179,9179,4,0,15474812,15474610
9199,9186,0,240,,
9235,9235,0,240,,
9239,11114,0,240,,
9239,9239,0,240,,
924,1301,0,240,,
924,1361,0,240,,
9240,7644,2,360,,
9243,9243,0,240,,
9243,9324,2,300,,
9244,9244,0,240,,
9245,9245,4,0,15475094,15475152
9245,9245,4,0,15475095,15475180
9245,9245,4,0,15475096,15475181
9245,9245,4,0,15475097,15475182
9245,9245,4,0,15475098,15475193
9245,9245,4,0,15475099,15475183
9245,9245,4,0,15475100,15475184
9245,9245,4,0,15475101,15475185
9245,9245,4,0,15475102,15475186
9245,9245,4,0,15475103,15475187
9245,9245,4,0,15475104,15475189
9245,9245,4,0,15475105,15475190
9245,9245,4,0,15475106,15475191
9245,9245,4,0,15475107,15475192
9245,9245,4,0,15475108,15475188
9245,9245,4,0,15475109,15475194
9245,9245,4,0,15475110,15475195
9245,9245,4,0,15475111,15475196
9245,9245,4,0,15475112,15475197
9245,9245,4,0,15475113,15475198
9245,9245,4,0,15475114,15475148
9245,9245,4,0,15475115,15475149
9245,9245,4,0,15475116,15475157
9245,9245,4,0,15475117,15475150
9245,9245,4,0,15475118,15475151
9245,9245,4,0,15475119,15475153
9245,9245,4,0,15475120,15475154
9245,9245,4,0,15475121,15475155
9245,9245,4,0,15475122,15475156
9245,9245,4,0,15475123,15475158
9245,9245,4,0,15475124,15475159
9245,9245,4,0,15475125,15475160
9245,9245,4,0,15475126,15475161
9245,9245,4,0,15475127,15475162
9245,9245,4,0,15475128,15475163
9245,9245,4,0,15475129,15475164
9245,9245,4,0,15475130,15475165
9245,9245,4,0,15475131,15475166
9245,9245,4,0,15475132,15475167
9245,9245,4,0,15475133,15475168
9245,9245,4,0,15475134,15475169
9245,9245,4,0,15475135,15475170
9245,9245,4,0,15475136,15475171
9245,9245,4,0,15475137,15475172
9245,9245,4,0,15475138,15475173
9245,9245,4,0,15475139,15475174
9245,9245,4,0,15475140,15475175
9245,9245,4,0,15475141,15475176
9245,9245,4,0,15475142,15475177
9245,9245,4,0,15475143,15475178
9245,9245,4,0,15475144,15475179
9245,9245,4,0,15475145,15475199
9245,9245,4,0,15475146,15475200
9245,9245,4,0,15475147,15475201
9245,9245,4,0,15475202,15475270
9245,9245,4,0,15475203,15475271
9245,9245,4,0,15475204,15475263
9245,9245,4,0,15475205,15475264
9245,9245,4,0,15475206,15475273
9245,9245,4,0,15475207,15475251
9245,9245,4,0,15475208,15475272
9245,9245,4,0,15475209,15475238
9245,9245,4,0,15475210,15475240
9245,9245,4,0,15475211,15475241
9245,9245,4,0,15475212,15475243
9245,9245,4,0,15475213,15475244
9245,9245,4,0,15475214,15475245
9245,9245,4,0,15475215,15475246
9245,9245,4,0,15475216,15475247
9245,9245,4,0,15475217,15475248
9245,9245,4,0,15475218,15475249
9245,9245,4,0,15475219,15475239
9245,9245,4,0,15475220,15475252
9245,9245,4,0,15475221,15475253
9245,9245,4,0,15475222,15475254
9245,9245,4,0,15475223,15475250
9245,9245,4,0,15475224,15475255
9245,9245,4,0,15475225,15475256
9245,9245,4,0,15475226,15475257
9245,9245,4,0,15475227,15475242
9245,9245,4,0,15475228,15475258
9245,9245,4,0,15475229,15475259
9245,9245,4,0,15475230,15475260
9245,9245,4,0,15475231,15475261
9245,9245,4,0,15475232,15475262
9245,9245,4,0,15475233,15475265
9245,9245,4,0,15475234,15475266
9245,9245,4,0,15475235,15475267
9245,9245,4,0,15475236,15475268
9245,9245,4,0,15475237,15475269
9245,9245,4,0,15475274,15475333
9245,9245,4,0,15475275,15475304
9245,9245,4,0,15475276,15475325
9245,9245,4,0,15475277,15475326
9245,9245,4,0,15475278,15475305
9245,9245,4,0,15475279,15475306
9245,9245,4,0,15475280,15475307
9245,9245,4,0,15475281,15475308
9245,9245,4,0,15475282,15475309
9245,9245,4,0,15475283,15475311
9245,9245,4,0,15475284,15475312
9245,9245,4,0,15475285,15475310
9245,9245,4,0,15475286,15475315
9245,9245,4,0,15475287,15475316
9245,9245,4,0,15475288,15475317
9245,9245,4,0,15475289,15475318
9245,9245,4,0,15475290,15475319
9245,9245,4,0,15475291,15475320
9245,9245,4,0,15475292,15475321
9245,9245,4,0,15475293,15475322
9245,9245,4,0,15475294,15475323
9245,9245,4,0,15475295,15475324
9245,9245,4,0,15475296,15475327
9245,9245,4,0,15475297,15475314
9245,9245,4,0,15475298,15475328
9245,9245,4,0,15475299,15475329
9245,9245,4,0,15475300,15475330
9245,9245,4,0,15475301,15475331
9245,9245,4,0,15475302,15475332
9245,9245,4,0,15475303,15475313
9255,3964,2,300,,
9255,3965,0,240,,
9255,9311,0,240,,
9255,9322,2,360,,
9282,9414,0,240,,
9291,12196,2,300,,
9291,9291,0,240,,
9293,12196,2,420,,
9293,9291,2,360,,
9293,9292,0,240,,
9294,9294,0,240,,
9296,11264,2,300,,
9298,9299,0,240,,
9299,10835,0,240,,
93,81,2,420,,
9303,9303,0,240,,
9306,10199,0,240,,
9306,7102,0,240,,
9307,12375,2,300,,
9307,8535,2,420,,
9311,9255,0,240,,
9322,9255,2,360,,
9336,9336,0,240,,
9337,9337,0,240,,
9339,9338,0,240,,
9339,9339,0,240,,
9339,9344,0,240,,
934,9054,0,240,,
9342,3277,0,240,,
9342,3281,2,300,,
9365,3842,0,240,,
9378,3825,2,360,,
9379,3064,2,300,,
938,11438,2,360,,
938,35,2,300,,
938,78,0,240,,
938,8019,2,420,,
938,8035,2,480,,
938,95,0,240,,
9380,3903,2,420,,
939,36,2,360,,
9397,3695,0,240,,
9397,3731,2,300,,
9397,9397,0,240,,
9435,10747,2,300,,
9435,10748,2,300,,
9441,3632,0,240,,
9441,9441,0,240,,
9452,5918,0,240,,
9452,5961,0,240,,
9492,7209,2,360,,
9492,9492,0,240,,
95,11526,2,300,,
95,11535,2,300,,
95,35,2,480,,
95,78,0,240,,
95,8019,2,480,,
95,8035,2,480,,
95,95,0,240,,
9505,8673,0,240,,
9505,8674,0,240,,
9505,8751,2,300,,
9505,8760,2,300,,
9510,8703,2,360,,
9511,8703,2,360,,
9524,10148,0,240,,
9524,9547,0,240,,
9530,12816,2,360,,
9530,317,2,300,,
9530,318,0,240,,
9543,11639,2,360,,
9543,12683,2,300,,
9543,4463,2,360,,
9543,4464,2,360,,
9543,9543,0,240,,
9547,12478,2,300,,
9547,9524,0,240,,
955,678,0,240,,
955,737,2,300,,
955,955,0,240,,
955,955,4,0,15443330,15451560
955,955,4,0,15443475,15451908
9551,1018,0,240,,
9560,6805,0,240,,
9562,6823,0,240,,
9562,8617,2,300,,
9564,6590,0,240,,
9564,6646,0,240,,
9567,6874,0,240,,
9570,6675,0,240,,
9570,6691,0,240,,
9574,6675,0,240,,
9574,6691,0,240,,
9576,6874,2,300,,
9576,6902,2,300,,
9577,6874,0,240,,
9577,6901,2,600,,
9577,6902,0,240,,
9580,6590,0,240,,
9580,6646,0,240,,
9582,6823,2,300,,
9582,8617,2,300,,
9592,9591,0,240,,
96,11302,2,360,,
96,11526,0,240,,
96,12036,2,180,,
96,13126,0,240,,
96,35,2,480,,
96,77,0,240,,
96,8019,2,540,,
96,96,2,120,,
9608,9608,0,240,,
962,962,0,240,,
963,12318,0,240,,
963,12857,2,300,,
963,1387,2,300,,
963,1482,0,240,,
963,1709,0,240,,
963,8139,0,240,,
9643,9643,0,240,,
9651,4360,2,360,,
9651,4403,2,360,,
9658,9658,0,240,,
9665,9665,0,240,,
9665,9665,4,0,15500650,15500577
9665,9665,4,0,15500651,15500600
9665,9665,4,0,15500652,15500579
9665,9665,4,0,15500653,15500578
9665,9665,4,0,15500654,15500580
9665,9665,4,0,15500655,15500581
9665,9665,4,0,15500656,15500582
9665,9665,4,0,15500657,15500583
9665,9665,4,0,15500658,15500584
9665,9665,4,0,15500659,15500585
9665,9665,4,0,15500660,15500586
9665,9665,4,0,15500661,15500587
9665,9665,4,0,15500662,15500588
9665,9665,4,0,15500663,15500589
9665,9665,4,0,15500664,15500590
9665,9665,4,0,15500665,15500591
9665,9665,4,0,15500666,15500592
9665,9665,4,0,15500667,15500593
9665,9665,4,0,15500668,15500594
9665,9665,4,0,15500669,15500595
9665,9665,4,0,15500670,15500596
9665,9665,4,0,15500671,15500597
9665,9665,4,0,15500672,15500598
9665,9665,4,0,15500673,15500599
9665,9665,4,0,15500674,15500579
9665,9665,4,0,15500675,15500604
9665,9665,4,0,15500676,15500605
9665,9665,4,0,15500708,15500617
9665,9665,4,0,15500709,15500618
9665,9665,4,0,15500710,15500619
9665,9665,4,0,15500711,15500620
9665,9665,4,0,15500712,15500621
9665,9665,4,0,15500713,15500622
9665,9665,4,0,15500714,15500623
9665,9665,4,0,15500715,15500624
9665,9665,4,0,15500716,15500625
9665,9665,4,0,15500717,15500626
9665,9665,4,0,15500718,15500627
9665,9665,4,0,15500730,15500639
9665,9665,4,0,15500731,15500640
9665,9665,4,0,15500732,15500641
9665,9665,4,0,15500733,15500642
9665,9665,4,0,15500734,15500643
9665,9665,4,0,15500735,15500644
9665,9665,4,0,15500736,15500645
9665,9665,4,0,15500737,15500646
9665,9665,4,0,15500738,15500647
9665,9665,4,0,15500739,15500648
9665,9665,4,0,15500740,15500649
9665,9665,4,0,15525344,15525346
9665,9701,0,240,,
9683,9683,0,240,,
9683,9684,0,240,,
9683,9854,2,300,,
9701,9665,0,240,,
9701,9701,0,240,,
9701,9701,4,0,15500546,15500702
9701,9701,4,0,15500547,15500685
9701,9701,4,0,15500548,15500678
9701,9701,4,0,15500549,15500699
9701,9701,4,0,15500550,15500683
9701,9701,4,0,15500551,15500684
9701,9701,4,0,15500552,15500686
9701,9701,4,0,15500553,15500687
9701,9701,4,0,15500554,15500688
9701,9701,4,0,15500555,15500677
9701,9701,4,0,15500556,15500679
9701,9701,4,0,15500557,15500697
9701,9701,4,0,15500558,15500682
9701,9701,4,0,15500559,15500689
9701,9701,4,0,15500560,15500690
9701,9701,4,0,15500561,15500691
9701,9701,4,0,15500562,15500692
9701,9701,4,0,15500563,15500693
9701,9701,4,0,15500564,15500694
9701,9701,4,0,15500565,15500695
9701,9701,4,0,15500566,15500696
9701,9701,4,0,15500567,15500681
9701,9701,4,0,15500568,15500698
9701,9701,4,0,15500569,15500680
9701,9701,4,0,15500569,15500703
9701,9701,4,0,15500570,15500700
9701,9701,4,0,15500571,15500701
9701,9701,4,0,15500572,15500705
9701,9701,4,0,15500573,15500704
9701,9701,4,0,15500574,15500707
9701,9701,4,0,15500575,15500706
9701,9701,4,0,15500576,15500707
9701,9701,4,0,15500606,15500719
9701,9701,4,0,15500607,15500720
9701,9701,4,0,15500608,15500721
9701,9701,4,0,15500609,15500722
9701,9701,4,0,15500610,15500723
9701,9701,4,0,15500611,15500724
9701,9701,4,0,15500612,15500725
9701,9701,4,0,15500613,15500726
9701,9701,4,0,15500614,15500727
9701,9701,4,0,15500615,15500728
9701,9701,4,0,15500616,15500729
9701,9701,4,0,15500628,15500741
9701,9701,4,0,15500629,15500742
9701,9701,4,0,15500630,15500743
9701,9701,4,0,15500631,15500744
9701,9701,4,0,15500632,15500745
9701,9701,4,0,15500633,15500746
9701,9701,4,0,15500634,15500747
9701,9701,4,0,15500635,15500748
9701,9701,4,0,15500636,15500749
9701,9701,4,0,15500637,15500750
9701,9701,4,0,15500638,15500751
9701,9701,4,0,15525347,15525345
9714,12208,2,360,,
9714,9714,0,240,,
972,11588,0,240,,
972,11589,0,240,,
972,11606,0,240,,
972,8044,2,300,,
972,8073,2,300,,
9720,11664,2,300,,
9721,5854,0,240,,
98,48,2,300,,
981,1487,0,240,,
981,635,2,480,,
981,981,0,240,,
983,1857,0,240,,
9848,10144,2,360,,
9848,11613,2,360,,
9849,6969,2,480,,
9849,6987,2,360,,
9849,9849,0,240,,
985,1016,2,300,,
985,10399,2,480,,
985,11272,2,300,,
985,11522,2,300,,
985,11523,0,240,,
985,11535,0,240,,
985,11706,0,240,,
985,4881,2,480,,
985,4882,0,240,,
985,77,2,420,,
985,8041,2,360,,
985,985,0,240,,
989,8037,2,120,,
9926,5845,2,300,,
9926,5861,2,300,,
994,10745,0,240,,
994,2051,0,240,,
9952,10034,2,360,,
9952,10971,0,240,,
9952,10972,0,240,,
9952,8747,0,240,,
9952,8756,0,240,,
9952,9952,0,240,,
9981,10139,0,240,,
9987,1622,0,240,,
9987,1679,0,240,,
9989,1643,0,240,,
